id,tanggal,nama_komoditas,harga
1,2020-01-06,Jagung,6000.0
2,2020-01-06,Tepung Terigu (Protein Sedang),7000.0
3,2020-01-06,Kedelai,25100.0
4,2020-01-06,Cabe Merah Keriting,37800.0
5,2020-01-06,Cabe Rawit Hijau,36000.0
6,2020-01-06,Bawang Merah,32300.0
7,2020-01-06,Bawang Putih,34000.0
8,2020-01-06,Ikan Kembung,86500.0
9,2020-01-06,Ikan Teri,120000.0
10,2020-01-06,Ikan Tongkol,35000.0
11,2020-01-06,Ikan Bandeng,31000.0
12,2020-01-06,Ikan Cakalang,10000.0
1,2020-01-13,Jagung,6000.0
2,2020-01-13,Tepung Terigu (Protein Sedang),7000.0
3,2020-01-13,Kedelai,24100.0
4,2020-01-13,Cabe Merah Keriting,36000.0
5,2020-01-13,Cabe Rawit Hijau,34300.0
6,2020-01-13,Bawang Merah,33600.0
7,2020-01-13,Bawang Putih,34400.0
8,2020-01-13,Ikan Kembung,86500.0
9,2020-01-13,Ikan Teri,120000.0
10,2020-01-13,Ikan Tongkol,35000.0
11,2020-01-13,Ikan Bandeng,30000.0
12,2020-01-13,Ikan Cakalang,10000.0
1,2020-01-20,Jagung,6000.0
2,2020-01-20,Tepung Terigu (Protein Sedang),7000.0
3,2020-01-20,Kedelai,23100.0
4,2020-01-20,Cabe Merah Keriting,34300.0
5,2020-01-20,Cabe Rawit Hijau,34500.0
6,2020-01-20,Bawang Merah,34100.0
7,2020-01-20,Bawang Putih,35000.0
8,2020-01-20,Ikan Kembung,86100.0
9,2020-01-20,Ikan Teri,120000.0
10,2020-01-20,Ikan Tongkol,35000.0
11,2020-01-20,Ikan Bandeng,31000.0
12,2020-01-20,Ikan Cakalang,10000.0
1,2020-01-27,Jagung,6000.0
2,2020-01-27,Tepung Terigu (Protein Sedang),7000.0
3,2020-01-27,Kedelai,22400.0
4,2020-01-27,Cabe Merah Keriting,35600.0
5,2020-01-27,Cabe Rawit Hijau,34200.0
6,2020-01-27,Bawang Merah,32200.0
7,2020-01-27,Bawang Putih,35600.0
8,2020-01-27,Ikan Kembung,87500.0
9,2020-01-27,Ikan Teri,120000.0
10,2020-01-27,Ikan Tongkol,35000.0
11,2020-01-27,Ikan Bandeng,31000.0
12,2020-01-27,Ikan Cakalang,10000.0
1,2020-02-03,Jagung,6500.0
2,2020-02-03,Tepung Terigu (Protein Sedang),7500.0
3,2020-02-03,Kedelai,19533.333333333332
4,2020-02-03,Cabe Merah Keriting,37400.0
5,2020-02-03,Cabe Rawit Hijau,33466.666666666664
6,2020-02-03,Bawang Merah,35666.666666666664
7,2020-02-03,Bawang Putih,44333.333333333336
8,2020-02-03,Ikan Kembung,69866.66666666667
9,2020-02-03,Ikan Teri,120000.0
10,2020-02-03,Ikan Tongkol,29400.0
11,2020-02-03,Ikan Bandeng,30000.0
12,2020-02-03,Ikan Cakalang,20000.0
1,2020-02-10,Jagung,6500.0
2,2020-02-10,Tepung Terigu (Protein Sedang),7500.0
3,2020-02-10,Kedelai,19666.666666666668
4,2020-02-10,Cabe Merah Keriting,37466.666666666664
5,2020-02-10,Cabe Rawit Hijau,31600.0
6,2020-02-10,Bawang Merah,35266.666666666664
7,2020-02-10,Bawang Putih,43800.0
8,2020-02-10,Ikan Kembung,69333.33333333333
9,2020-02-10,Ikan Teri,120500.0
10,2020-02-10,Ikan Tongkol,30000.0
11,2020-02-10,Ikan Bandeng,30000.0
12,2020-02-10,Ikan Cakalang,20000.0
1,2020-02-17,Jagung,6500.0
2,2020-02-17,Tepung Terigu (Protein Sedang),7500.0
3,2020-02-17,Kedelai,19933.333333333332
4,2020-02-17,Cabe Merah Keriting,39733.333333333336
5,2020-02-17,Cabe Rawit Hijau,34266.666666666664
6,2020-02-17,Bawang Merah,31800.0
7,2020-02-17,Bawang Putih,38066.666666666664
8,2020-02-17,Ikan Kembung,68933.33333333333
9,2020-02-17,Ikan Teri,122500.0
10,2020-02-17,Ikan Tongkol,30000.0
11,2020-02-17,Ikan Bandeng,30000.0
12,2020-02-17,Ikan Cakalang,20000.0
1,2020-02-24,Jagung,6500.0
2,2020-02-24,Tepung Terigu (Protein Sedang),7500.0
3,2020-02-24,Kedelai,22066.666666666668
4,2020-02-24,Cabe Merah Keriting,44266.666666666664
5,2020-02-24,Cabe Rawit Hijau,34733.333333333336
6,2020-02-24,Bawang Merah,30600.0
7,2020-02-24,Bawang Putih,36666.666666666664
8,2020-02-24,Ikan Kembung,68866.66666666667
9,2020-02-24,Ikan Teri,122500.0
10,2020-02-24,Ikan Tongkol,30000.0
11,2020-02-24,Ikan Bandeng,30000.0
12,2020-02-24,Ikan Cakalang,20000.0
1,2020-03-02,Jagung,6500.0
2,2020-03-02,Tepung Terigu (Protein Sedang),7700.0
3,2020-03-02,Kedelai,19400.0
4,2020-03-02,Cabe Merah Keriting,36333.333333333336
5,2020-03-02,Cabe Rawit Hijau,33400.0
6,2020-03-02,Bawang Merah,30333.333333333332
7,2020-03-02,Bawang Putih,36666.666666666664
8,2020-03-02,Ikan Kembung,68333.33333333333
9,2020-03-02,Ikan Teri,122000.0
10,2020-03-02,Ikan Tongkol,30000.0
11,2020-03-02,Ikan Bandeng,30000.0
12,2020-03-02,Ikan Cakalang,20666.666666666668
1,2020-03-09,Jagung,6500.0
2,2020-03-09,Tepung Terigu (Protein Sedang),7600.0
3,2020-03-09,Kedelai,19000.0
4,2020-03-09,Cabe Merah Keriting,37133.333333333336
5,2020-03-09,Cabe Rawit Hijau,33400.0
6,2020-03-09,Bawang Merah,30333.333333333332
7,2020-03-09,Bawang Putih,36666.666666666664
8,2020-03-09,Ikan Kembung,68666.66666666667
9,2020-03-09,Ikan Teri,122000.0
10,2020-03-09,Ikan Tongkol,30600.0
11,2020-03-09,Ikan Bandeng,30000.0
12,2020-03-09,Ikan Cakalang,20000.0
1,2020-03-16,Jagung,6500.0
2,2020-03-16,Tepung Terigu (Protein Sedang),7500.0
3,2020-03-16,Kedelai,17866.666666666668
4,2020-03-16,Cabe Merah Keriting,31666.666666666668
5,2020-03-16,Cabe Rawit Hijau,31066.666666666668
6,2020-03-16,Bawang Merah,31400.0
7,2020-03-16,Bawang Putih,36400.0
8,2020-03-16,Ikan Kembung,68333.33333333333
9,2020-03-16,Ikan Teri,121500.0
10,2020-03-16,Ikan Tongkol,30900.0
11,2020-03-16,Ikan Bandeng,29800.0
12,2020-03-16,Ikan Cakalang,20000.0
1,2020-03-23,Jagung,6500.0
2,2020-03-23,Tepung Terigu (Protein Sedang),7500.0
3,2020-03-23,Kedelai,16833.333333333332
4,2020-03-23,Cabe Merah Keriting,29166.666666666668
5,2020-03-23,Cabe Rawit Hijau,29250.0
6,2020-03-23,Bawang Merah,31333.333333333332
7,2020-03-23,Bawang Putih,36166.666666666664
8,2020-03-23,Ikan Kembung,68666.66666666667
9,2020-03-23,Ikan Teri,121250.0
10,2020-03-23,Ikan Tongkol,30125.0
11,2020-03-23,Ikan Bandeng,29750.0
12,2020-03-23,Ikan Cakalang,20000.0
1,2020-03-30,Jagung,6500.0
2,2020-03-30,Tepung Terigu (Protein Sedang),7500.0
3,2020-03-30,Kedelai,16333.333333333334
4,2020-03-30,Cabe Merah Keriting,27733.333333333332
5,2020-03-30,Cabe Rawit Hijau,29233.333333333332
6,2020-03-30,Bawang Merah,35800.0
7,2020-03-30,Bawang Putih,38533.333333333336
8,2020-03-30,Ikan Kembung,69133.33333333333
9,2020-03-30,Ikan Teri,124000.0
10,2020-03-30,Ikan Tongkol,31100.0
11,2020-03-30,Ikan Bandeng,30000.0
12,2020-03-30,Ikan Cakalang,20000.0
1,2020-04-06,Jagung,6500.0
2,2020-04-06,Tepung Terigu (Protein Sedang),7625.0
3,2020-04-06,Kedelai,14958.333333333334
4,2020-04-06,Cabe Merah Keriting,25166.666666666668
5,2020-04-06,Cabe Rawit Hijau,29416.666666666668
6,2020-04-06,Bawang Merah,35916.666666666664
7,2020-04-06,Bawang Putih,37750.0
8,2020-04-06,Ikan Kembung,69166.66666666667
9,2020-04-06,Ikan Teri,124375.0
10,2020-04-06,Ikan Tongkol,30875.0
11,2020-04-06,Ikan Bandeng,30000.0
12,2020-04-06,Ikan Cakalang,20000.0
1,2020-04-13,Jagung,6500.0
2,2020-04-13,Tepung Terigu (Protein Sedang),7500.0
3,2020-04-13,Kedelai,14000.0
4,2020-04-13,Cabe Merah Keriting,21666.666666666668
5,2020-04-13,Cabe Rawit Hijau,26733.333333333332
6,2020-04-13,Bawang Merah,36200.0
7,2020-04-13,Bawang Putih,36800.0
8,2020-04-13,Ikan Kembung,68933.33333333333
9,2020-04-13,Ikan Teri,125000.0
10,2020-04-13,Ikan Tongkol,30100.0
11,2020-04-13,Ikan Bandeng,30000.0
12,2020-04-13,Ikan Cakalang,20000.0
1,2020-04-20,Jagung,6500.0
2,2020-04-20,Tepung Terigu (Protein Sedang),7500.0
3,2020-04-20,Kedelai,14000.0
4,2020-04-20,Cabe Merah Keriting,22266.666666666668
5,2020-04-20,Cabe Rawit Hijau,25933.333333333332
6,2020-04-20,Bawang Merah,38133.333333333336
7,2020-04-20,Bawang Putih,32933.333333333336
8,2020-04-20,Ikan Kembung,69133.33333333333
9,2020-04-20,Ikan Teri,125000.0
10,2020-04-20,Ikan Tongkol,30300.0
11,2020-04-20,Ikan Bandeng,30000.0
12,2020-04-20,Ikan Cakalang,20000.0
1,2020-04-27,Jagung,6500.0
2,2020-04-27,Tepung Terigu (Protein Sedang),7500.0
3,2020-04-27,Kedelai,13750.0
4,2020-04-27,Cabe Merah Keriting,22200.0
5,2020-04-27,Cabe Rawit Hijau,32500.0
6,2020-04-27,Bawang Merah,44500.0
7,2020-04-27,Bawang Putih,32900.0
8,2020-04-27,Ikan Kembung,69333.33333333333
9,2020-04-27,Ikan Teri,125000.0
10,2020-04-27,Ikan Tongkol,30000.0
11,2020-04-27,Ikan Bandeng,30000.0
12,2020-04-27,Ikan Cakalang,20000.0
1,2020-05-04,Jagung,6500.0
2,2020-05-04,Tepung Terigu (Protein Sedang),7500.0
3,2020-05-04,Kedelai,13000.0
4,2020-05-04,Cabe Merah Keriting,23333.333333333332
5,2020-05-04,Cabe Rawit Hijau,33400.0
6,2020-05-04,Bawang Merah,44533.333333333336
7,2020-05-04,Bawang Putih,30700.0
8,2020-05-04,Ikan Kembung,69333.33333333333
9,2020-05-04,Ikan Teri,125000.0
10,2020-05-04,Ikan Tongkol,30750.0
11,2020-05-04,Ikan Bandeng,30000.0
12,2020-05-04,Ikan Cakalang,20000.0
1,2020-05-11,Jagung,6500.0
2,2020-05-11,Tepung Terigu (Protein Sedang),7500.0
3,2020-05-11,Kedelai,14200.0
4,2020-05-11,Cabe Merah Keriting,19866.666666666668
5,2020-05-11,Cabe Rawit Hijau,33466.666666666664
6,2020-05-11,Bawang Merah,44066.666666666664
7,2020-05-11,Bawang Putih,30066.666666666668
8,2020-05-11,Ikan Kembung,69133.33333333333
9,2020-05-11,Ikan Teri,125000.0
10,2020-05-11,Ikan Tongkol,30300.0
11,2020-05-11,Ikan Bandeng,30000.0
12,2020-05-11,Ikan Cakalang,20000.0
1,2020-05-18,Jagung,6500.0
2,2020-05-18,Tepung Terigu (Protein Sedang),7500.0
3,2020-05-18,Kedelai,13533.333333333334
4,2020-05-18,Cabe Merah Keriting,21600.0
5,2020-05-18,Cabe Rawit Hijau,32333.333333333332
6,2020-05-18,Bawang Merah,43966.666666666664
7,2020-05-18,Bawang Putih,28466.666666666668
8,2020-05-18,Ikan Kembung,69333.33333333333
9,2020-05-18,Ikan Teri,125000.0
10,2020-05-18,Ikan Tongkol,31500.0
11,2020-05-18,Ikan Bandeng,30000.0
12,2020-05-18,Ikan Cakalang,20000.0
1,2020-05-25,Jagung,6500.0
2,2020-05-25,Tepung Terigu (Protein Sedang),7500.0
3,2020-05-25,Kedelai,15083.333333333334
4,2020-05-25,Cabe Merah Keriting,22166.666666666668
5,2020-05-25,Cabe Rawit Hijau,33708.333333333336
6,2020-05-25,Bawang Merah,43250.0
7,2020-05-25,Bawang Putih,27466.666666666668
8,2020-05-25,Ikan Kembung,69333.33333333333
9,2020-05-25,Ikan Teri,125000.0
10,2020-05-25,Ikan Tongkol,31500.0
11,2020-05-25,Ikan Bandeng,30000.0
12,2020-05-25,Ikan Cakalang,20000.0
1,2020-06-01,Jagung,6500.0
2,2020-06-01,Tepung Terigu (Protein Sedang),7500.0
3,2020-06-01,Kedelai,13666.666666666666
4,2020-06-01,Cabe Merah Keriting,21466.666666666668
5,2020-06-01,Cabe Rawit Hijau,31950.0
6,2020-06-01,Bawang Merah,42200.0
7,2020-06-01,Bawang Putih,26266.666666666668
8,2020-06-01,Ikan Kembung,69333.33333333333
9,2020-06-01,Ikan Teri,125000.0
10,2020-06-01,Ikan Tongkol,31500.0
11,2020-06-01,Ikan Bandeng,30000.0
12,2020-06-01,Ikan Cakalang,20000.0
1,2020-06-08,Jagung,6500.0
2,2020-06-08,Tepung Terigu (Protein Sedang),7500.0
3,2020-06-08,Kedelai,13266.666666666666
4,2020-06-08,Cabe Merah Keriting,21466.666666666668
5,2020-06-08,Cabe Rawit Hijau,33733.333333333336
6,2020-06-08,Bawang Merah,38933.333333333336
7,2020-06-08,Bawang Putih,25333.333333333332
8,2020-06-08,Ikan Kembung,69333.33333333333
9,2020-06-08,Ikan Teri,125000.0
10,2020-06-08,Ikan Tongkol,31200.0
11,2020-06-08,Ikan Bandeng,30000.0
12,2020-06-08,Ikan Cakalang,20000.0
1,2020-06-15,Jagung,6500.0
2,2020-06-15,Tepung Terigu (Protein Sedang),7500.0
3,2020-06-15,Kedelai,13266.666666666666
4,2020-06-15,Cabe Merah Keriting,20066.666666666668
5,2020-06-15,Cabe Rawit Hijau,26000.0
6,2020-06-15,Bawang Merah,29000.0
7,2020-06-15,Bawang Putih,25400.0
8,2020-06-15,Ikan Kembung,70000.0
9,2020-06-15,Ikan Teri,125000.0
10,2020-06-15,Ikan Tongkol,30300.0
11,2020-06-15,Ikan Bandeng,30000.0
12,2020-06-15,Ikan Cakalang,20000.0
1,2020-06-22,Jagung,6500.0
2,2020-06-22,Tepung Terigu (Protein Sedang),7500.0
3,2020-06-22,Kedelai,13266.666666666666
4,2020-06-22,Cabe Merah Keriting,20300.0
5,2020-06-22,Cabe Rawit Hijau,25400.0
6,2020-06-22,Bawang Merah,27066.666666666668
7,2020-06-22,Bawang Putih,24600.0
8,2020-06-22,Ikan Kembung,70000.0
9,2020-06-22,Ikan Teri,125000.0
10,2020-06-22,Ikan Tongkol,30900.0
11,2020-06-22,Ikan Bandeng,30000.0
12,2020-06-22,Ikan Cakalang,20000.0
1,2020-06-29,Jagung,6500.0
2,2020-06-29,Tepung Terigu (Protein Sedang),7800.0
3,2020-06-29,Kedelai,13133.333333333334
4,2020-06-29,Cabe Merah Keriting,21066.666666666668
5,2020-06-29,Cabe Rawit Hijau,25933.333333333332
6,2020-06-29,Bawang Merah,27066.666666666668
7,2020-06-29,Bawang Putih,23800.0
8,2020-06-29,Ikan Kembung,70000.0
9,2020-06-29,Ikan Teri,125000.0
10,2020-06-29,Ikan Tongkol,31500.0
11,2020-06-29,Ikan Bandeng,30000.0
12,2020-06-29,Ikan Cakalang,20000.0
1,2020-07-06,Jagung,6500.0
2,2020-07-06,Tepung Terigu (Protein Sedang),8000.0
3,2020-07-06,Kedelai,12666.666666666666
4,2020-07-06,Cabe Merah Keriting,24400.0
5,2020-07-06,Cabe Rawit Hijau,28666.666666666668
6,2020-07-06,Bawang Merah,24233.333333333332
7,2020-07-06,Bawang Putih,23666.666666666668
8,2020-07-06,Ikan Kembung,70000.0
9,2020-07-06,Ikan Teri,125000.0
10,2020-07-06,Ikan Tongkol,32100.0
11,2020-07-06,Ikan Bandeng,30000.0
12,2020-07-06,Ikan Cakalang,20000.0
1,2020-07-13,Jagung,6500.0
2,2020-07-13,Tepung Terigu (Protein Sedang),8000.0
3,2020-07-13,Kedelai,14166.666666666666
4,2020-07-13,Cabe Merah Keriting,26600.0
5,2020-07-13,Cabe Rawit Hijau,28133.333333333332
6,2020-07-13,Bawang Merah,23766.666666666668
7,2020-07-13,Bawang Putih,23800.0
8,2020-07-13,Ikan Kembung,70133.33333333333
9,2020-07-13,Ikan Teri,126000.0
10,2020-07-13,Ikan Tongkol,31000.0
11,2020-07-13,Ikan Bandeng,30000.0
12,2020-07-13,Ikan Cakalang,20000.0
1,2020-07-20,Jagung,6500.0
2,2020-07-20,Tepung Terigu (Protein Sedang),8000.0
3,2020-07-20,Kedelai,15200.0
4,2020-07-20,Cabe Merah Keriting,25366.666666666668
5,2020-07-20,Cabe Rawit Hijau,24966.666666666668
6,2020-07-20,Bawang Merah,20833.333333333332
7,2020-07-20,Bawang Putih,23500.0
8,2020-07-20,Ikan Kembung,70000.0
9,2020-07-20,Ikan Teri,125000.0
10,2020-07-20,Ikan Tongkol,31700.0
11,2020-07-20,Ikan Bandeng,30000.0
12,2020-07-20,Ikan Cakalang,20000.0
1,2020-07-27,Jagung,6500.0
2,2020-07-27,Tepung Terigu (Protein Sedang),8000.0
3,2020-07-27,Kedelai,15916.666666666666
4,2020-07-27,Cabe Merah Keriting,27108.333333333332
5,2020-07-27,Cabe Rawit Hijau,24250.0
6,2020-07-27,Bawang Merah,20100.0
7,2020-07-27,Bawang Putih,22975.0
8,2020-07-27,Ikan Kembung,69766.66666666667
9,2020-07-27,Ikan Teri,125000.0
10,2020-07-27,Ikan Tongkol,31575.0
11,2020-07-27,Ikan Bandeng,29625.0
12,2020-07-27,Ikan Cakalang,20800.0
1,2020-08-03,Jagung,6500.0
2,2020-08-03,Tepung Terigu (Protein Sedang),8000.0
3,2020-08-03,Kedelai,15866.666666666666
4,2020-08-03,Cabe Merah Keriting,27666.666666666668
5,2020-08-03,Cabe Rawit Hijau,29400.0
6,2020-08-03,Bawang Merah,19333.333333333332
7,2020-08-03,Bawang Putih,22300.0
8,2020-08-03,Ikan Kembung,69400.0
9,2020-08-03,Ikan Teri,129000.0
10,2020-08-03,Ikan Tongkol,31200.0
11,2020-08-03,Ikan Bandeng,29400.0
12,2020-08-03,Ikan Cakalang,20400.0
1,2020-08-10,Jagung,6500.0
2,2020-08-10,Tepung Terigu (Protein Sedang),8000.0
3,2020-08-10,Kedelai,14866.666666666666
4,2020-08-10,Cabe Merah Keriting,24333.333333333332
5,2020-08-10,Cabe Rawit Hijau,25433.333333333332
6,2020-08-10,Bawang Merah,21600.0
7,2020-08-10,Bawang Putih,22966.666666666668
8,2020-08-10,Ikan Kembung,67533.33333333333
9,2020-08-10,Ikan Teri,130000.0
10,2020-08-10,Ikan Tongkol,27700.0
11,2020-08-10,Ikan Bandeng,29100.0
12,2020-08-10,Ikan Cakalang,20733.333333333332
1,2020-08-17,Jagung,6500.0
2,2020-08-17,Tepung Terigu (Protein Sedang),8000.0
3,2020-08-17,Kedelai,14833.333333333334
4,2020-08-17,Cabe Merah Keriting,22583.333333333332
5,2020-08-17,Cabe Rawit Hijau,23250.0
6,2020-08-17,Bawang Merah,20666.666666666668
7,2020-08-17,Bawang Putih,23416.666666666668
8,2020-08-17,Ikan Kembung,68500.0
9,2020-08-17,Ikan Teri,130000.0
10,2020-08-17,Ikan Tongkol,27750.0
11,2020-08-17,Ikan Bandeng,29250.0
12,2020-08-17,Ikan Cakalang,20166.666666666668
1,2020-08-24,Jagung,6500.0
2,2020-08-24,Tepung Terigu (Protein Sedang),8000.0
3,2020-08-24,Kedelai,14400.0
4,2020-08-24,Cabe Merah Keriting,21666.666666666668
5,2020-08-24,Cabe Rawit Hijau,22900.0
6,2020-08-24,Bawang Merah,22866.666666666668
7,2020-08-24,Bawang Putih,27400.0
8,2020-08-24,Ikan Kembung,69666.66666666667
9,2020-08-24,Ikan Teri,130000.0
10,2020-08-24,Ikan Tongkol,30800.0
11,2020-08-24,Ikan Bandeng,29900.0
12,2020-08-24,Ikan Cakalang,18766.666666666668
1,2020-08-31,Jagung,6500.0
2,2020-08-31,Tepung Terigu (Protein Sedang),8000.0
3,2020-08-31,Kedelai,14233.333333333334
4,2020-08-31,Cabe Merah Keriting,20800.0
5,2020-08-31,Cabe Rawit Hijau,23233.333333333332
6,2020-08-31,Bawang Merah,22400.0
7,2020-08-31,Bawang Putih,26300.0
8,2020-08-31,Ikan Kembung,69533.33333333333
9,2020-08-31,Ikan Teri,130000.0
10,2020-08-31,Ikan Tongkol,29100.0
11,2020-08-31,Ikan Bandeng,29800.0
12,2020-08-31,Ikan Cakalang,20333.333333333332
1,2020-09-07,Jagung,6500.0
2,2020-09-07,Tepung Terigu (Protein Sedang),8000.0
3,2020-09-07,Kedelai,14200.0
4,2020-09-07,Cabe Merah Keriting,22300.0
5,2020-09-07,Cabe Rawit Hijau,23733.333333333332
6,2020-09-07,Bawang Merah,23633.333333333332
7,2020-09-07,Bawang Putih,27366.666666666668
8,2020-09-07,Ikan Kembung,69400.0
9,2020-09-07,Ikan Teri,130000.0
10,2020-09-07,Ikan Tongkol,30100.0
11,2020-09-07,Ikan Bandeng,29900.0
12,2020-09-07,Ikan Cakalang,20333.333333333332
1,2020-09-14,Jagung,6500.0
2,2020-09-14,Tepung Terigu (Protein Sedang),8000.0
3,2020-09-14,Kedelai,15166.666666666666
4,2020-09-14,Cabe Merah Keriting,24400.0
5,2020-09-14,Cabe Rawit Hijau,24766.666666666668
6,2020-09-14,Bawang Merah,24900.0
7,2020-09-14,Bawang Putih,26800.0
8,2020-09-14,Ikan Kembung,69533.33333333333
9,2020-09-14,Ikan Teri,130000.0
10,2020-09-14,Ikan Tongkol,30800.0
11,2020-09-14,Ikan Bandeng,29900.0
12,2020-09-14,Ikan Cakalang,20333.333333333332
1,2020-09-21,Jagung,6500.0
2,2020-09-21,Tepung Terigu (Protein Sedang),8000.0
3,2020-09-21,Kedelai,15133.333333333334
4,2020-09-21,Cabe Merah Keriting,24333.333333333332
5,2020-09-21,Cabe Rawit Hijau,24533.333333333332
6,2020-09-21,Bawang Merah,24400.0
7,2020-09-21,Bawang Putih,27466.666666666668
8,2020-09-21,Ikan Kembung,69266.66666666667
9,2020-09-21,Ikan Teri,130000.0
10,2020-09-21,Ikan Tongkol,30700.0
11,2020-09-21,Ikan Bandeng,30000.0
12,2020-09-21,Ikan Cakalang,20333.333333333332
1,2020-09-28,Jagung,6500.0
2,2020-09-28,Tepung Terigu (Protein Sedang),8000.0
3,2020-09-28,Kedelai,18400.0
4,2020-09-28,Cabe Merah Keriting,31633.333333333332
5,2020-09-28,Cabe Rawit Hijau,24233.333333333332
6,2020-09-28,Bawang Merah,24166.666666666668
7,2020-09-28,Bawang Putih,26833.333333333332
8,2020-09-28,Ikan Kembung,69000.0
9,2020-09-28,Ikan Teri,130000.0
10,2020-09-28,Ikan Tongkol,30700.0
11,2020-09-28,Ikan Bandeng,29800.0
12,2020-09-28,Ikan Cakalang,20333.333333333332
1,2020-10-05,Jagung,6500.0
2,2020-10-05,Tepung Terigu (Protein Sedang),8000.0
3,2020-10-05,Kedelai,20566.666666666668
4,2020-10-05,Cabe Merah Keriting,36733.333333333336
5,2020-10-05,Cabe Rawit Hijau,25033.333333333332
6,2020-10-05,Bawang Merah,25133.333333333332
7,2020-10-05,Bawang Putih,26633.333333333332
8,2020-10-05,Ikan Kembung,70333.33333333333
9,2020-10-05,Ikan Teri,130000.0
10,2020-10-05,Ikan Tongkol,27000.0
11,2020-10-05,Ikan Bandeng,30000.0
12,2020-10-05,Ikan Cakalang,20333.333333333332
1,2020-10-12,Jagung,6500.0
2,2020-10-12,Tepung Terigu (Protein Sedang),8000.0
3,2020-10-12,Kedelai,22866.666666666668
4,2020-10-12,Cabe Merah Keriting,38100.0
5,2020-10-12,Cabe Rawit Hijau,23533.333333333332
6,2020-10-12,Bawang Merah,25400.0
7,2020-10-12,Bawang Putih,26166.666666666668
8,2020-10-12,Ikan Kembung,70333.33333333333
9,2020-10-12,Ikan Teri,130000.0
10,2020-10-12,Ikan Tongkol,27600.0
11,2020-10-12,Ikan Bandeng,29900.0
12,2020-10-12,Ikan Cakalang,20333.333333333332
1,2020-10-19,Jagung,6500.0
2,2020-10-19,Tepung Terigu (Protein Sedang),8000.0
3,2020-10-19,Kedelai,21666.666666666668
4,2020-10-19,Cabe Merah Keriting,36666.666666666664
5,2020-10-19,Cabe Rawit Hijau,24800.0
6,2020-10-19,Bawang Merah,24633.333333333332
7,2020-10-19,Bawang Putih,25666.666666666668
8,2020-10-19,Ikan Kembung,68600.0
9,2020-10-19,Ikan Teri,130000.0
10,2020-10-19,Ikan Tongkol,27200.0
11,2020-10-19,Ikan Bandeng,30000.0
12,2020-10-19,Ikan Cakalang,20333.333333333332
1,2020-10-26,Jagung,6500.0
2,2020-10-26,Tepung Terigu (Protein Sedang),8000.0
3,2020-10-26,Kedelai,20800.0
4,2020-10-26,Cabe Merah Keriting,34057.77777777778
5,2020-10-26,Cabe Rawit Hijau,24513.333333333332
6,2020-10-26,Bawang Merah,24631.11111111111
7,2020-10-26,Bawang Putih,26333.333333333332
8,2020-10-26,Ikan Kembung,69555.55555555555
9,2020-10-26,Ikan Teri,130000.0
10,2020-10-26,Ikan Tongkol,26833.333333333336
11,2020-10-26,Ikan Bandeng,30000.0
12,2020-10-26,Ikan Cakalang,20222.222222222223
1,2020-11-02,Jagung,6500.0
2,2020-11-02,Tepung Terigu (Protein Sedang),8000.0
3,2020-11-02,Kedelai,20400.0
4,2020-11-02,Cabe Merah Keriting,36666.666666666664
5,2020-11-02,Cabe Rawit Hijau,26766.666666666668
6,2020-11-02,Bawang Merah,28433.333333333332
7,2020-11-02,Bawang Putih,27266.666666666668
8,2020-11-02,Ikan Kembung,70333.33333333333
9,2020-11-02,Ikan Teri,130000.0
10,2020-11-02,Ikan Tongkol,25875.0
11,2020-11-02,Ikan Bandeng,29700.0
12,2020-11-02,Ikan Cakalang,20333.333333333332
1,2020-11-09,Jagung,6500.0
2,2020-11-09,Tepung Terigu (Protein Sedang),8000.0
3,2020-11-09,Kedelai,20600.0
4,2020-11-09,Cabe Merah Keriting,37866.666666666664
5,2020-11-09,Cabe Rawit Hijau,27600.0
6,2020-11-09,Bawang Merah,30266.666666666668
7,2020-11-09,Bawang Putih,27533.333333333332
8,2020-11-09,Ikan Kembung,69800.0
9,2020-11-09,Ikan Teri,130000.0
10,2020-11-09,Ikan Tongkol,25500.0
11,2020-11-09,Ikan Bandeng,29600.0
12,2020-11-09,Ikan Cakalang,20333.333333333332
1,2020-11-16,Jagung,6500.0
2,2020-11-16,Tepung Terigu (Protein Sedang),8000.0
3,2020-11-16,Kedelai,20533.333333333332
4,2020-11-16,Cabe Merah Keriting,37666.666666666664
5,2020-11-16,Cabe Rawit Hijau,29066.666666666668
6,2020-11-16,Bawang Merah,27466.666666666668
7,2020-11-16,Bawang Putih,27666.666666666668
8,2020-11-16,Ikan Kembung,69933.33333333333
9,2020-11-16,Ikan Teri,130000.0
10,2020-11-16,Ikan Tongkol,25500.0
11,2020-11-16,Ikan Bandeng,29800.0
12,2020-11-16,Ikan Cakalang,20333.333333333332
1,2020-11-23,Jagung,6500.0
2,2020-11-23,Tepung Terigu (Protein Sedang),8000.0
3,2020-11-23,Kedelai,20866.666666666668
4,2020-11-23,Cabe Merah Keriting,40300.0
5,2020-11-23,Cabe Rawit Hijau,29666.666666666668
6,2020-11-23,Bawang Merah,26866.666666666668
7,2020-11-23,Bawang Putih,27666.666666666668
8,2020-11-23,Ikan Kembung,70200.0
9,2020-11-23,Ikan Teri,130000.0
10,2020-11-23,Ikan Tongkol,25500.0
11,2020-11-23,Ikan Bandeng,29300.0
12,2020-11-23,Ikan Cakalang,20333.333333333332
1,2020-11-30,Jagung,6500.0
2,2020-11-30,Tepung Terigu (Protein Sedang),8000.0
3,2020-11-30,Kedelai,22000.0
4,2020-11-30,Cabe Merah Keriting,41733.333333333336
5,2020-11-30,Cabe Rawit Hijau,30933.333333333332
6,2020-11-30,Bawang Merah,27100.0
7,2020-11-30,Bawang Putih,27666.666666666668
8,2020-11-30,Ikan Kembung,69800.0
9,2020-11-30,Ikan Teri,130000.0
10,2020-11-30,Ikan Tongkol,25500.0
11,2020-11-30,Ikan Bandeng,30000.0
12,2020-11-30,Ikan Cakalang,20333.333333333332
1,2020-12-07,Jagung,6500.0
2,2020-12-07,Tepung Terigu (Protein Sedang),8000.0
3,2020-12-07,Kedelai,22333.333333333332
4,2020-12-07,Cabe Merah Keriting,43333.333333333336
5,2020-12-07,Cabe Rawit Hijau,33500.0
6,2020-12-07,Bawang Merah,24416.666666666668
7,2020-12-07,Bawang Putih,27666.666666666668
8,2020-12-07,Ikan Kembung,69666.66666666667
9,2020-12-07,Ikan Teri,130000.0
10,2020-12-07,Ikan Tongkol,25500.0
11,2020-12-07,Ikan Bandeng,29875.0
12,2020-12-07,Ikan Cakalang,20333.333333333332
1,2020-12-14,Jagung,6500.0
2,2020-12-14,Tepung Terigu (Protein Sedang),8000.0
3,2020-12-14,Kedelai,22666.666666666668
4,2020-12-14,Cabe Merah Keriting,44666.666666666664
5,2020-12-14,Cabe Rawit Hijau,33800.0
6,2020-12-14,Bawang Merah,22333.333333333332
7,2020-12-14,Bawang Putih,27066.666666666668
8,2020-12-14,Ikan Kembung,69800.0
9,2020-12-14,Ikan Teri,130000.0
10,2020-12-14,Ikan Tongkol,25500.0
11,2020-12-14,Ikan Bandeng,30000.0
12,2020-12-14,Ikan Cakalang,20333.333333333332
1,2020-12-21,Jagung,6500.0
2,2020-12-21,Tepung Terigu (Protein Sedang),8000.0
3,2020-12-21,Kedelai,23333.333333333332
4,2020-12-21,Cabe Merah Keriting,46300.0
5,2020-12-21,Cabe Rawit Hijau,36000.0
6,2020-12-21,Bawang Merah,24444.44444444444
7,2020-12-21,Bawang Putih,27666.666666666668
8,2020-12-21,Ikan Kembung,69533.33333333333
9,2020-12-21,Ikan Teri,130000.0
10,2020-12-21,Ikan Tongkol,30133.333333333332
11,2020-12-21,Ikan Bandeng,30000.0
12,2020-12-21,Ikan Cakalang,20200.0
1,2020-12-28,Jagung,6500.0
2,2020-12-28,Tepung Terigu (Protein Sedang),8000.0
3,2020-12-28,Kedelai,26666.666666666668
4,2020-12-28,Cabe Merah Keriting,55000.0
5,2020-12-28,Cabe Rawit Hijau,47111.11111111112
6,2020-12-28,Bawang Merah,25166.666666666668
7,2020-12-28,Bawang Putih,28666.666666666668
8,2020-12-28,Ikan Kembung,69666.66666666667
9,2020-12-28,Ikan Teri,130000.0
10,2020-12-28,Ikan Tongkol,25500.0
11,2020-12-28,Ikan Bandeng,30000.0
12,2020-12-28,Ikan Cakalang,20333.333333333332
1,2021-01-04,Jagung,7866.666666666667
2,2021-01-04,Tepung Terigu (Protein Sedang),9125.0
3,2021-01-04,Kedelai,22150.0
4,2021-01-04,Cabe Merah Keriting,60950.0
5,2021-01-04,Cabe Rawit Hijau,63875.0
6,2021-01-04,Bawang Merah,25175.0
7,2021-01-04,Bawang Putih,26600.0
8,2021-01-04,Ikan Kembung,61750.0
9,2021-01-04,Ikan Teri,126666.66666666667
10,2021-01-04,Ikan Tongkol,28500.0
11,2021-01-04,Ikan Bandeng,29200.0
12,2021-01-04,Ikan Cakalang,18700.0
1,2021-01-11,Jagung,8000.0
2,2021-01-11,Tepung Terigu (Protein Sedang),9125.0
3,2021-01-11,Kedelai,20900.0
4,2021-01-11,Cabe Merah Keriting,56725.0
5,2021-01-11,Cabe Rawit Hijau,63150.0
6,2021-01-11,Bawang Merah,25650.0
7,2021-01-11,Bawang Putih,27000.0
8,2021-01-11,Ikan Kembung,61500.0
9,2021-01-11,Ikan Teri,102000.0
10,2021-01-11,Ikan Tongkol,29900.0
11,2021-01-11,Ikan Bandeng,28250.0
12,2021-01-11,Ikan Cakalang,18300.0
1,2021-01-18,Jagung,8000.0
2,2021-01-18,Tepung Terigu (Protein Sedang),9125.0
3,2021-01-18,Kedelai,21600.0
4,2021-01-18,Cabe Merah Keriting,60550.0
5,2021-01-18,Cabe Rawit Hijau,64575.0
6,2021-01-18,Bawang Merah,26275.0
7,2021-01-18,Bawang Putih,27200.0
8,2021-01-18,Ikan Kembung,61500.0
9,2021-01-18,Ikan Teri,102000.0
10,2021-01-18,Ikan Tongkol,30000.0
11,2021-01-18,Ikan Bandeng,27750.0
12,2021-01-18,Ikan Cakalang,19000.0
1,2021-01-25,Jagung,8000.0
2,2021-01-25,Tepung Terigu (Protein Sedang),9150.0
3,2021-01-25,Kedelai,19300.0
4,2021-01-25,Cabe Merah Keriting,48450.0
5,2021-01-25,Cabe Rawit Hijau,60650.0
6,2021-01-25,Bawang Merah,25800.0
7,2021-01-25,Bawang Putih,26700.0
8,2021-01-25,Ikan Kembung,61500.0
9,2021-01-25,Ikan Teri,102000.0
10,2021-01-25,Ikan Tongkol,30000.0
11,2021-01-25,Ikan Bandeng,27850.0
12,2021-01-25,Ikan Cakalang,19000.0
1,2021-02-01,Jagung,8000.0
2,2021-02-01,Tepung Terigu (Protein Sedang),9125.0
3,2021-02-01,Kedelai,19050.0
4,2021-02-01,Cabe Merah Keriting,48250.0
5,2021-02-01,Cabe Rawit Hijau,57850.0
6,2021-02-01,Bawang Merah,25225.0
7,2021-02-01,Bawang Putih,27250.0
8,2021-02-01,Ikan Kembung,61500.0
9,2021-02-01,Ikan Teri,102000.0
10,2021-02-01,Ikan Tongkol,30000.0
11,2021-02-01,Ikan Bandeng,27750.0
12,2021-02-01,Ikan Cakalang,19000.0
1,2021-02-08,Jagung,8000.0
2,2021-02-08,Tepung Terigu (Protein Sedang),9125.0
3,2021-02-08,Kedelai,21687.5
4,2021-02-08,Cabe Merah Keriting,56556.25
5,2021-02-08,Cabe Rawit Hijau,56250.0
6,2021-02-08,Bawang Merah,27062.5
7,2021-02-08,Bawang Putih,28312.5
8,2021-02-08,Ikan Kembung,61500.0
9,2021-02-08,Ikan Teri,102000.0
10,2021-02-08,Ikan Tongkol,30000.0
11,2021-02-08,Ikan Bandeng,27875.0
12,2021-02-08,Ikan Cakalang,19000.0
1,2021-02-15,Jagung,7466.666666666667
2,2021-02-15,Tepung Terigu (Protein Sedang),9125.0
3,2021-02-15,Kedelai,18400.0
4,2021-02-15,Cabe Merah Keriting,53875.0
5,2021-02-15,Cabe Rawit Hijau,55300.0
6,2021-02-15,Bawang Merah,26875.0
7,2021-02-15,Bawang Putih,27275.0
8,2021-02-15,Ikan Kembung,61500.0
9,2021-02-15,Ikan Teri,102000.0
10,2021-02-15,Ikan Tongkol,30000.0
11,2021-02-15,Ikan Bandeng,27850.0
12,2021-02-15,Ikan Cakalang,19000.0
1,2021-02-22,Jagung,8000.0
2,2021-02-22,Tepung Terigu (Protein Sedang),9125.0
3,2021-02-22,Kedelai,17950.0
4,2021-02-22,Cabe Merah Keriting,44800.0
5,2021-02-22,Cabe Rawit Hijau,47950.0
6,2021-02-22,Bawang Merah,28800.0
7,2021-02-22,Bawang Putih,27500.0
8,2021-02-22,Ikan Kembung,61500.0
9,2021-02-22,Ikan Teri,102000.0
10,2021-02-22,Ikan Tongkol,30000.0
11,2021-02-22,Ikan Bandeng,28000.0
12,2021-02-22,Ikan Cakalang,18500.0
1,2021-03-01,Jagung,8000.0
2,2021-03-01,Tepung Terigu (Protein Sedang),9125.0
3,2021-03-01,Kedelai,19550.0
4,2021-03-01,Cabe Merah Keriting,47300.0
5,2021-03-01,Cabe Rawit Hijau,50675.0
6,2021-03-01,Bawang Merah,29100.0
7,2021-03-01,Bawang Putih,27500.0
8,2021-03-01,Ikan Kembung,61200.0
9,2021-03-01,Ikan Teri,102000.0
10,2021-03-01,Ikan Tongkol,29850.0
11,2021-03-01,Ikan Bandeng,27700.0
12,2021-03-01,Ikan Cakalang,19000.0
1,2021-03-08,Jagung,8000.0
2,2021-03-08,Tepung Terigu (Protein Sedang),9125.0
3,2021-03-08,Kedelai,19875.0
4,2021-03-08,Cabe Merah Keriting,46637.5
5,2021-03-08,Cabe Rawit Hijau,47875.0
6,2021-03-08,Bawang Merah,28675.0
7,2021-03-08,Bawang Putih,27687.5
8,2021-03-08,Ikan Kembung,61000.0
9,2021-03-08,Ikan Teri,102000.0
10,2021-03-08,Ikan Tongkol,29812.5
11,2021-03-08,Ikan Bandeng,27562.5
12,2021-03-08,Ikan Cakalang,19000.0
1,2021-03-15,Jagung,8000.0
2,2021-03-15,Tepung Terigu (Protein Sedang),9125.0
3,2021-03-15,Kedelai,20700.0
4,2021-03-15,Cabe Merah Keriting,48950.0
5,2021-03-15,Cabe Rawit Hijau,41900.0
6,2021-03-15,Bawang Merah,27125.0
7,2021-03-15,Bawang Putih,27500.0
8,2021-03-15,Ikan Kembung,60550.0
9,2021-03-15,Ikan Teri,102000.0
10,2021-03-15,Ikan Tongkol,29800.0
11,2021-03-15,Ikan Bandeng,27850.0
12,2021-03-15,Ikan Cakalang,19000.0
1,2021-03-22,Jagung,8000.0
2,2021-03-22,Tepung Terigu (Protein Sedang),9125.0
3,2021-03-22,Kedelai,20525.0
4,2021-03-22,Cabe Merah Keriting,48000.0
5,2021-03-22,Cabe Rawit Hijau,39350.0
6,2021-03-22,Bawang Merah,27812.5
7,2021-03-22,Bawang Putih,28450.0
8,2021-03-22,Ikan Kembung,61000.0
9,2021-03-22,Ikan Teri,102250.0
10,2021-03-22,Ikan Tongkol,29875.0
11,2021-03-22,Ikan Bandeng,28250.0
12,2021-03-22,Ikan Cakalang,19000.0
1,2021-03-29,Jagung,8000.0
2,2021-03-29,Tepung Terigu (Protein Sedang),9125.0
3,2021-03-29,Kedelai,20812.5
4,2021-03-29,Cabe Merah Keriting,47937.5
5,2021-03-29,Cabe Rawit Hijau,39350.0
6,2021-03-29,Bawang Merah,28218.75
7,2021-03-29,Bawang Putih,28675.0
8,2021-03-29,Ikan Kembung,61125.0
9,2021-03-29,Ikan Teri,102250.0
10,2021-03-29,Ikan Tongkol,29875.0
11,2021-03-29,Ikan Bandeng,28250.0
12,2021-03-29,Ikan Cakalang,19250.0
1,2021-04-05,Jagung,8000.0
2,2021-04-05,Tepung Terigu (Protein Sedang),9125.0
3,2021-04-05,Kedelai,21350.0
4,2021-04-05,Cabe Merah Keriting,46550.0
5,2021-04-05,Cabe Rawit Hijau,42650.0
6,2021-04-05,Bawang Merah,29550.0
7,2021-04-05,Bawang Putih,28700.0
8,2021-04-05,Ikan Kembung,61500.0
9,2021-04-05,Ikan Teri,102250.0
10,2021-04-05,Ikan Tongkol,30000.0
11,2021-04-05,Ikan Bandeng,28250.0
12,2021-04-05,Ikan Cakalang,19000.0
1,2021-04-12,Jagung,8000.0
2,2021-04-12,Tepung Terigu (Protein Sedang),9125.0
3,2021-04-12,Kedelai,20775.0
4,2021-04-12,Cabe Merah Keriting,44625.0
5,2021-04-12,Cabe Rawit Hijau,39400.0
6,2021-04-12,Bawang Merah,29650.0
7,2021-04-12,Bawang Putih,28950.0
8,2021-04-12,Ikan Kembung,61500.0
9,2021-04-12,Ikan Teri,102250.0
10,2021-04-12,Ikan Tongkol,30000.0
11,2021-04-12,Ikan Bandeng,28250.0
12,2021-04-12,Ikan Cakalang,19000.0
1,2021-04-19,Jagung,8000.0
2,2021-04-19,Tepung Terigu (Protein Sedang),9125.0
3,2021-04-19,Kedelai,18850.0
4,2021-04-19,Cabe Merah Keriting,39300.0
5,2021-04-19,Cabe Rawit Hijau,37450.0
6,2021-04-19,Bawang Merah,28700.0
7,2021-04-19,Bawang Putih,28550.0
8,2021-04-19,Ikan Kembung,59900.0
9,2021-04-19,Ikan Teri,101250.0
10,2021-04-19,Ikan Tongkol,30750.0
11,2021-04-19,Ikan Bandeng,29000.0
12,2021-04-19,Ikan Cakalang,19000.0
1,2021-04-26,Jagung,7466.666666666667
2,2021-04-26,Tepung Terigu (Protein Sedang),9125.0
3,2021-04-26,Kedelai,18100.0
4,2021-04-26,Cabe Merah Keriting,34200.0
5,2021-04-26,Cabe Rawit Hijau,34450.0
6,2021-04-26,Bawang Merah,28750.0
7,2021-04-26,Bawang Putih,28100.0
8,2021-04-26,Ikan Kembung,61000.0
9,2021-04-26,Ikan Teri,102250.0
10,2021-04-26,Ikan Tongkol,31250.0
11,2021-04-26,Ikan Bandeng,29500.0
12,2021-04-26,Ikan Cakalang,19000.0
1,2021-05-03,Jagung,15000.0
2,2021-05-03,Tepung Terigu (Protein Sedang),20650.0
3,2021-05-03,Kedelai,20500.0
4,2021-05-03,Cabe Merah Keriting,18912.5
5,2021-05-03,Cabe Rawit Hijau,22000.0
6,2021-05-03,Bawang Merah,17725.0
7,2021-05-03,Bawang Putih,17937.5
8,2021-05-03,Ikan Kembung,29650.0
9,2021-05-03,Ikan Teri,73000.0
10,2021-05-03,Ikan Tongkol,32200.0
11,2021-05-03,Ikan Bandeng,33250.0
12,2021-05-03,Ikan Cakalang,80000.0
1,2021-05-10,Jagung,15666.666666666666
2,2021-05-10,Tepung Terigu (Protein Sedang),20650.0
3,2021-05-10,Kedelai,20500.0
4,2021-05-10,Cabe Merah Keriting,20000.0
5,2021-05-10,Cabe Rawit Hijau,22000.0
6,2021-05-10,Bawang Merah,17500.0
7,2021-05-10,Bawang Putih,18125.0
8,2021-05-10,Ikan Kembung,30375.0
9,2021-05-10,Ikan Teri,73500.0
10,2021-05-10,Ikan Tongkol,32750.0
11,2021-05-10,Ikan Bandeng,34000.0
12,2021-05-10,Ikan Cakalang,80000.0
1,2021-05-17,Jagung,15600.0
2,2021-05-17,Tepung Terigu (Protein Sedang),20640.0
3,2021-05-17,Kedelai,20500.0
4,2021-05-17,Cabe Merah Keriting,19850.0
5,2021-05-17,Cabe Rawit Hijau,21600.0
6,2021-05-17,Bawang Merah,17500.0
7,2021-05-17,Bawang Putih,18000.0
8,2021-05-17,Ikan Kembung,31375.0
9,2021-05-17,Ikan Teri,74250.0
10,2021-05-17,Ikan Tongkol,30700.0
11,2021-05-17,Ikan Bandeng,33250.0
12,2021-05-17,Ikan Cakalang,80000.0
1,2021-05-24,Jagung,15533.333333333334
2,2021-05-24,Tepung Terigu (Protein Sedang),20610.0
3,2021-05-24,Kedelai,20500.0
4,2021-05-24,Cabe Merah Keriting,17925.0
5,2021-05-24,Cabe Rawit Hijau,19700.0
6,2021-05-24,Bawang Merah,18000.0
7,2021-05-24,Bawang Putih,18025.0
8,2021-05-24,Ikan Kembung,29250.0
9,2021-05-24,Ikan Teri,73000.0
10,2021-05-24,Ikan Tongkol,29700.0
11,2021-05-24,Ikan Bandeng,32500.0
12,2021-05-24,Ikan Cakalang,80000.0
1,2021-05-31,Jagung,9000.0
2,2021-05-31,Tepung Terigu (Protein Sedang),12583.333333333334
3,2021-05-31,Kedelai,12736.11111111111
4,2021-05-31,Cabe Merah Keriting,18500.0
5,2021-05-31,Cabe Rawit Hijau,24500.0
6,2021-05-31,Bawang Merah,26166.666666666668
7,2021-05-31,Bawang Putih,29194.444444444434
8,2021-05-31,Ikan Kembung,56361.1111111111
9,2021-05-31,Ikan Teri,62916.666666666664
10,2021-05-31,Ikan Tongkol,64416.666666666664
11,2021-05-31,Ikan Bandeng,35166.666666666664
12,2021-05-31,Ikan Cakalang,38500.0
1,2021-06-07,Jagung,9000.0
2,2021-06-07,Tepung Terigu (Protein Sedang),10133.333333333334
3,2021-06-07,Kedelai,13733.333333333334
4,2021-06-07,Cabe Merah Keriting,18533.333333333332
5,2021-06-07,Cabe Rawit Hijau,26133.333333333332
6,2021-06-07,Bawang Merah,28133.333333333332
7,2021-06-07,Bawang Putih,31000.0
8,2021-06-07,Ikan Kembung,65333.333333333336
9,2021-06-07,Ikan Teri,62866.666666666664
10,2021-06-07,Ikan Tongkol,65000.0
11,2021-06-07,Ikan Bandeng,35466.666666666664
12,2021-06-07,Ikan Cakalang,8000.0
1,2021-06-14,Jagung,9000.0
2,2021-06-14,Tepung Terigu (Protein Sedang),10166.666666666666
3,2021-06-14,Kedelai,14533.333333333334
4,2021-06-14,Cabe Merah Keriting,20266.666666666668
5,2021-06-14,Cabe Rawit Hijau,26000.0
6,2021-06-14,Bawang Merah,28733.333333333332
7,2021-06-14,Bawang Putih,31000.0
8,2021-06-14,Ikan Kembung,65000.0
9,2021-06-14,Ikan Teri,62333.333333333336
10,2021-06-14,Ikan Tongkol,65000.0
11,2021-06-14,Ikan Bandeng,35333.333333333336
12,2021-06-14,Ikan Cakalang,8000.0
1,2021-06-21,Jagung,8000.0
2,2021-06-21,Tepung Terigu (Protein Sedang),10166.666666666666
3,2021-06-21,Kedelai,14733.333333333334
4,2021-06-21,Cabe Merah Keriting,20666.666666666668
5,2021-06-21,Cabe Rawit Hijau,25200.0
6,2021-06-21,Bawang Merah,29733.333333333332
7,2021-06-21,Bawang Putih,30266.666666666668
8,2021-06-21,Ikan Kembung,64933.333333333336
9,2021-06-21,Ikan Teri,62466.666666666664
10,2021-06-21,Ikan Tongkol,65000.0
11,2021-06-21,Ikan Bandeng,35133.333333333336
12,2021-06-21,Ikan Cakalang,8000.0
1,2021-06-28,Jagung,8666.666666666666
2,2021-06-28,Tepung Terigu (Protein Sedang),9425.0
3,2021-06-28,Kedelai,12575.0
4,2021-06-28,Cabe Merah Keriting,20721.428571428572
5,2021-06-28,Cabe Rawit Hijau,26600.0
6,2021-06-28,Bawang Merah,29550.0
7,2021-06-28,Bawang Putih,29190.0
8,2021-06-28,Ikan Kembung,47450.0
9,2021-06-28,Ikan Teri,78600.0
10,2021-06-28,Ikan Tongkol,56550.0
11,2021-06-28,Ikan Bandeng,33850.0
12,2021-06-28,Ikan Cakalang,24400.0
1,2021-07-05,Jagung,8666.666666666666
2,2021-07-05,Tepung Terigu (Protein Sedang),9125.0
3,2021-07-05,Kedelai,10625.0
4,2021-07-05,Cabe Merah Keriting,17000.0
5,2021-07-05,Cabe Rawit Hijau,26550.0
6,2021-07-05,Bawang Merah,31100.0
7,2021-07-05,Bawang Putih,28100.0
8,2021-07-05,Ikan Kembung,31750.0
9,2021-07-05,Ikan Teri,77700.0
10,2021-07-05,Ikan Tongkol,57000.0
11,2021-07-05,Ikan Bandeng,33650.0
12,2021-07-05,Ikan Cakalang,32500.0
1,2021-07-12,Jagung,8666.666666666666
2,2021-07-12,Tepung Terigu (Protein Sedang),9125.0
3,2021-07-12,Kedelai,10625.0
4,2021-07-12,Cabe Merah Keriting,18000.0
5,2021-07-12,Cabe Rawit Hijau,27600.0
6,2021-07-12,Bawang Merah,31300.0
7,2021-07-12,Bawang Putih,29250.0
8,2021-07-12,Ikan Kembung,32000.0
9,2021-07-12,Ikan Teri,77700.0
10,2021-07-12,Ikan Tongkol,57000.0
11,2021-07-12,Ikan Bandeng,33500.0
12,2021-07-12,Ikan Cakalang,32500.0
1,2021-07-19,Jagung,8666.666666666666
2,2021-07-19,Tepung Terigu (Protein Sedang),9125.0
3,2021-07-19,Kedelai,10687.5
4,2021-07-19,Cabe Merah Keriting,18937.5
5,2021-07-19,Cabe Rawit Hijau,29812.5
6,2021-07-19,Bawang Merah,33875.0
7,2021-07-19,Bawang Putih,30287.5
8,2021-07-19,Ikan Kembung,32375.0
9,2021-07-19,Ikan Teri,77687.5
10,2021-07-19,Ikan Tongkol,57250.0
11,2021-07-19,Ikan Bandeng,33500.0
12,2021-07-19,Ikan Cakalang,32500.0
1,2021-07-26,Jagung,8666.666666666666
2,2021-07-26,Tepung Terigu (Protein Sedang),9125.0
3,2021-07-26,Kedelai,10625.0
4,2021-07-26,Cabe Merah Keriting,18343.75
5,2021-07-26,Cabe Rawit Hijau,27068.75
6,2021-07-26,Bawang Merah,29806.25
7,2021-07-26,Bawang Putih,26606.25
8,2021-07-26,Ikan Kembung,32850.0
9,2021-07-26,Ikan Teri,78050.0
10,2021-07-26,Ikan Tongkol,57000.0
11,2021-07-26,Ikan Bandeng,33500.0
12,2021-07-26,Ikan Cakalang,32500.0
1,2021-08-02,Jagung,8000.0
2,2021-08-02,Tepung Terigu (Protein Sedang),9333.333333333334
3,2021-08-02,Kedelai,15800.0
4,2021-08-02,Cabe Merah Keriting,27066.666666666668
5,2021-08-02,Cabe Rawit Hijau,31333.333333333332
6,2021-08-02,Bawang Merah,26666.666666666668
7,2021-08-02,Bawang Putih,29133.333333333332
8,2021-08-02,Ikan Kembung,69333.33333333333
9,2021-08-02,Ikan Teri,93000.0
10,2021-08-02,Ikan Tongkol,31666.666666666668
11,2021-08-02,Ikan Bandeng,29333.333333333332
12,2021-08-02,Ikan Cakalang,19000.0
1,2021-08-09,Jagung,8000.0
2,2021-08-09,Tepung Terigu (Protein Sedang),9333.333333333334
3,2021-08-09,Kedelai,15666.666666666666
4,2021-08-09,Cabe Merah Keriting,27133.333333333332
5,2021-08-09,Cabe Rawit Hijau,31916.666666666668
6,2021-08-09,Bawang Merah,27333.333333333332
7,2021-08-09,Bawang Putih,29416.666666666668
8,2021-08-09,Ikan Kembung,69333.33333333333
9,2021-08-09,Ikan Teri,93000.0
10,2021-08-09,Ikan Tongkol,31666.666666666668
11,2021-08-09,Ikan Bandeng,29333.333333333332
12,2021-08-09,Ikan Cakalang,19000.0
1,2021-08-16,Jagung,8000.0
2,2021-08-16,Tepung Terigu (Protein Sedang),9333.333333333334
3,2021-08-16,Kedelai,15583.333333333334
4,2021-08-16,Cabe Merah Keriting,25216.666666666668
5,2021-08-16,Cabe Rawit Hijau,31833.333333333332
6,2021-08-16,Bawang Merah,26333.333333333332
7,2021-08-16,Bawang Putih,29516.666666666668
8,2021-08-16,Ikan Kembung,69333.33333333333
9,2021-08-16,Ikan Teri,93000.0
10,2021-08-16,Ikan Tongkol,31666.666666666668
11,2021-08-16,Ikan Bandeng,29333.333333333332
12,2021-08-16,Ikan Cakalang,19000.0
1,2021-08-23,Jagung,8000.0
2,2021-08-23,Tepung Terigu (Protein Sedang),9333.333333333334
3,2021-08-23,Kedelai,15666.666666666666
4,2021-08-23,Cabe Merah Keriting,25666.666666666668
5,2021-08-23,Cabe Rawit Hijau,31500.0
6,2021-08-23,Bawang Merah,26516.666666666668
7,2021-08-23,Bawang Putih,29416.666666666668
8,2021-08-23,Ikan Kembung,69333.33333333333
9,2021-08-23,Ikan Teri,93000.0
10,2021-08-23,Ikan Tongkol,31666.666666666668
11,2021-08-23,Ikan Bandeng,29400.0
12,2021-08-23,Ikan Cakalang,19000.0
1,2021-08-30,Jagung,8000.0
2,2021-08-30,Tepung Terigu (Protein Sedang),9833.333333333334
3,2021-08-30,Kedelai,15666.666666666666
4,2021-08-30,Cabe Merah Keriting,27866.666666666668
5,2021-08-30,Cabe Rawit Hijau,34822.22222222223
6,2021-08-30,Bawang Merah,26666.666666666668
7,2021-08-30,Bawang Putih,29666.666666666668
8,2021-08-30,Ikan Kembung,68000.0
9,2021-08-30,Ikan Teri,96333.33333333333
10,2021-08-30,Ikan Tongkol,33666.666666666664
11,2021-08-30,Ikan Bandeng,31333.333333333332
12,2021-08-30,Ikan Cakalang,19000.0
1,2021-09-06,Jagung,8000.0
2,2021-09-06,Tepung Terigu (Protein Sedang),9833.333333333334
3,2021-09-06,Kedelai,15666.666666666666
4,2021-09-06,Cabe Merah Keriting,32466.666666666668
5,2021-09-06,Cabe Rawit Hijau,35266.666666666664
6,2021-09-06,Bawang Merah,26733.333333333332
7,2021-09-06,Bawang Putih,29933.333333333332
8,2021-09-06,Ikan Kembung,67666.66666666667
9,2021-09-06,Ikan Teri,96333.33333333333
10,2021-09-06,Ikan Tongkol,33333.333333333336
11,2021-09-06,Ikan Bandeng,31000.0
12,2021-09-06,Ikan Cakalang,19000.0
1,2021-09-13,Jagung,8000.0
2,2021-09-13,Tepung Terigu (Protein Sedang),9833.333333333334
3,2021-09-13,Kedelai,15666.666666666666
4,2021-09-13,Cabe Merah Keriting,33266.666666666664
5,2021-09-13,Cabe Rawit Hijau,35733.333333333336
6,2021-09-13,Bawang Merah,27933.333333333332
7,2021-09-13,Bawang Putih,30000.0
8,2021-09-13,Ikan Kembung,67666.66666666667
9,2021-09-13,Ikan Teri,96333.33333333333
10,2021-09-13,Ikan Tongkol,34000.0
11,2021-09-13,Ikan Bandeng,21666.666666666668
12,2021-09-13,Ikan Cakalang,19000.0
1,2021-09-20,Jagung,8000.0
2,2021-09-20,Tepung Terigu (Protein Sedang),9833.333333333334
3,2021-09-20,Kedelai,16866.666666666668
4,2021-09-20,Cabe Merah Keriting,34466.666666666664
5,2021-09-20,Cabe Rawit Hijau,36200.0
6,2021-09-20,Bawang Merah,27000.0
7,2021-09-20,Bawang Putih,30000.0
8,2021-09-20,Ikan Kembung,67666.66666666667
9,2021-09-20,Ikan Teri,96333.33333333333
10,2021-09-20,Ikan Tongkol,33333.333333333336
11,2021-09-20,Ikan Bandeng,31000.0
12,2021-09-20,Ikan Cakalang,19000.0
1,2021-09-27,Jagung,8000.0
2,2021-09-27,Tepung Terigu (Protein Sedang),9900.0
3,2021-09-27,Kedelai,17533.333333333332
4,2021-09-27,Cabe Merah Keriting,35277.777777777774
5,2021-09-27,Cabe Rawit Hijau,36033.333333333336
6,2021-09-27,Bawang Merah,27266.666666666668
7,2021-09-27,Bawang Putih,29866.666666666668
8,2021-09-27,Ikan Kembung,67666.66666666667
9,2021-09-27,Ikan Teri,96333.33333333333
10,2021-09-27,Ikan Tongkol,33333.333333333336
11,2021-09-27,Ikan Bandeng,31000.0
12,2021-09-27,Ikan Cakalang,19000.0
1,2021-10-04,Jagung,8000.0
2,2021-10-04,Tepung Terigu (Protein Sedang),8375.0
3,2021-10-04,Kedelai,11750.0
4,2021-10-04,Cabe Merah Keriting,37300.0
5,2021-10-04,Cabe Rawit Hijau,37300.0
6,2021-10-04,Bawang Merah,26800.0
7,2021-10-04,Bawang Putih,25450.0
8,2021-10-04,Ikan Kembung,37750.0
9,2021-10-04,Ikan Teri,127500.0
10,2021-10-04,Ikan Tongkol,31000.0
11,2021-10-04,Ikan Bandeng,31250.0
12,2021-10-04,Ikan Cakalang,29000.0
1,2021-10-11,Jagung,8000.0
2,2021-10-11,Tepung Terigu (Protein Sedang),8375.0
3,2021-10-11,Kedelai,11750.0
4,2021-10-11,Cabe Merah Keriting,37750.0
5,2021-10-11,Cabe Rawit Hijau,38800.0
6,2021-10-11,Bawang Merah,27200.0
7,2021-10-11,Bawang Putih,25350.0
8,2021-10-11,Ikan Kembung,37750.0
9,2021-10-11,Ikan Teri,127500.0
10,2021-10-11,Ikan Tongkol,31500.0
11,2021-10-11,Ikan Bandeng,31250.0
12,2021-10-11,Ikan Cakalang,29000.0
1,2021-10-18,Jagung,8000.0
2,2021-10-18,Tepung Terigu (Protein Sedang),8437.5
3,2021-10-18,Kedelai,12250.0
4,2021-10-18,Cabe Merah Keriting,36625.0
5,2021-10-18,Cabe Rawit Hijau,37500.0
6,2021-10-18,Bawang Merah,26000.0
7,2021-10-18,Bawang Putih,25100.0
8,2021-10-18,Ikan Kembung,37750.0
9,2021-10-18,Ikan Teri,127500.0
10,2021-10-18,Ikan Tongkol,31000.0
11,2021-10-18,Ikan Bandeng,31250.0
12,2021-10-18,Ikan Cakalang,29000.0
1,2021-10-25,Jagung,8000.0
2,2021-10-25,Tepung Terigu (Protein Sedang),8375.0
3,2021-10-25,Kedelai,12250.0
4,2021-10-25,Cabe Merah Keriting,43500.0
5,2021-10-25,Cabe Rawit Hijau,36650.0
6,2021-10-25,Bawang Merah,25000.0
7,2021-10-25,Bawang Putih,24850.0
8,2021-10-25,Ikan Kembung,37750.0
9,2021-10-25,Ikan Teri,127500.0
10,2021-10-25,Ikan Tongkol,31000.0
11,2021-10-25,Ikan Bandeng,31250.0
12,2021-10-25,Ikan Cakalang,29000.0
1,2021-11-01,Jagung,8666.666666666666
2,2021-11-01,Tepung Terigu (Protein Sedang),8000.0
3,2021-11-01,Kedelai,11600.0
4,2021-11-01,Cabe Merah Keriting,33075.0
5,2021-11-01,Cabe Rawit Hijau,28400.0
6,2021-11-01,Bawang Merah,31000.0
7,2021-11-01,Bawang Putih,27750.0
8,2021-11-01,Ikan Kembung,36000.0
9,2021-11-01,Ikan Teri,101500.0
10,2021-11-01,Ikan Tongkol,30950.0
11,2021-11-01,Ikan Bandeng,31250.0
12,2021-11-01,Ikan Cakalang,29000.0
1,2021-11-08,Jagung,8666.666666666666
2,2021-11-08,Tepung Terigu (Protein Sedang),8000.0
3,2021-11-08,Kedelai,11625.0
4,2021-11-08,Cabe Merah Keriting,31975.0
5,2021-11-08,Cabe Rawit Hijau,28750.0
6,2021-11-08,Bawang Merah,31400.0
7,2021-11-08,Bawang Putih,28150.0
8,2021-11-08,Ikan Kembung,35400.0
9,2021-11-08,Ikan Teri,101300.0
10,2021-11-08,Ikan Tongkol,31000.0
11,2021-11-08,Ikan Bandeng,31250.0
12,2021-11-08,Ikan Cakalang,29000.0
1,2021-11-15,Jagung,8666.666666666666
2,2021-11-15,Tepung Terigu (Protein Sedang),8000.0
3,2021-11-15,Kedelai,11625.0
4,2021-11-15,Cabe Merah Keriting,30025.0
5,2021-11-15,Cabe Rawit Hijau,26750.0
6,2021-11-15,Bawang Merah,30300.0
7,2021-11-15,Bawang Putih,27950.0
8,2021-11-15,Ikan Kembung,35250.0
9,2021-11-15,Ikan Teri,101250.0
10,2021-11-15,Ikan Tongkol,30950.0
11,2021-11-15,Ikan Bandeng,31250.0
12,2021-11-15,Ikan Cakalang,29000.0
1,2021-11-22,Jagung,8666.666666666666
2,2021-11-22,Tepung Terigu (Protein Sedang),8000.0
3,2021-11-22,Kedelai,11625.0
4,2021-11-22,Cabe Merah Keriting,28425.0
5,2021-11-22,Cabe Rawit Hijau,26700.0
6,2021-11-22,Bawang Merah,26900.0
7,2021-11-22,Bawang Putih,29050.0
8,2021-11-22,Ikan Kembung,35250.0
9,2021-11-22,Ikan Teri,101250.0
10,2021-11-22,Ikan Tongkol,31100.0
11,2021-11-22,Ikan Bandeng,31050.0
12,2021-11-22,Ikan Cakalang,29000.0
1,2021-11-29,Jagung,8266.666666666666
2,2021-11-29,Tepung Terigu (Protein Sedang),8475.0
3,2021-11-29,Kedelai,11700.0
4,2021-11-29,Cabe Merah Keriting,29350.0
5,2021-11-29,Cabe Rawit Hijau,31600.0
6,2021-11-29,Bawang Merah,27600.0
7,2021-11-29,Bawang Putih,28050.0
8,2021-11-29,Ikan Kembung,34450.0
9,2021-11-29,Ikan Teri,101100.0
10,2021-11-29,Ikan Tongkol,32200.0
11,2021-11-29,Ikan Bandeng,30950.0
12,2021-11-29,Ikan Cakalang,31100.0
1,2021-12-06,Jagung,8000.0
2,2021-12-06,Tepung Terigu (Protein Sedang),8625.0
3,2021-12-06,Kedelai,11750.0
4,2021-12-06,Cabe Merah Keriting,28900.0
5,2021-12-06,Cabe Rawit Hijau,34300.0
6,2021-12-06,Bawang Merah,27050.0
7,2021-12-06,Bawang Putih,28400.0
8,2021-12-06,Ikan Kembung,34600.0
9,2021-12-06,Ikan Teri,101000.0
10,2021-12-06,Ikan Tongkol,33100.0
11,2021-12-06,Ikan Bandeng,30700.0
12,2021-12-06,Ikan Cakalang,32500.0
1,2021-12-13,Jagung,8000.0
2,2021-12-13,Tepung Terigu (Protein Sedang),8625.0
3,2021-12-13,Kedelai,11750.0
4,2021-12-13,Cabe Merah Keriting,31600.0
5,2021-12-13,Cabe Rawit Hijau,36400.0
6,2021-12-13,Bawang Merah,29150.0
7,2021-12-13,Bawang Putih,29200.0
8,2021-12-13,Ikan Kembung,34750.0
9,2021-12-13,Ikan Teri,101000.0
10,2021-12-13,Ikan Tongkol,33250.0
11,2021-12-13,Ikan Bandeng,31000.0
12,2021-12-13,Ikan Cakalang,32500.0
1,2021-12-20,Jagung,8000.0
2,2021-12-20,Tepung Terigu (Protein Sedang),8625.0
3,2021-12-20,Kedelai,11750.0
4,2021-12-20,Cabe Merah Keriting,30800.0
5,2021-12-20,Cabe Rawit Hijau,36600.0
6,2021-12-20,Bawang Merah,30150.0
7,2021-12-20,Bawang Putih,29750.0
8,2021-12-20,Ikan Kembung,34450.0
9,2021-12-20,Ikan Teri,101000.0
10,2021-12-20,Ikan Tongkol,33250.0
11,2021-12-20,Ikan Bandeng,31000.0
12,2021-12-20,Ikan Cakalang,32500.0
1,2021-12-27,Jagung,8000.0
2,2021-12-27,Tepung Terigu (Protein Sedang),8625.0
3,2021-12-27,Kedelai,11750.0
4,2021-12-27,Cabe Merah Keriting,25812.5
5,2021-12-27,Cabe Rawit Hijau,37100.0
6,2021-12-27,Bawang Merah,29175.0
7,2021-12-27,Bawang Putih,30050.0
8,2021-12-27,Ikan Kembung,34500.0
9,2021-12-27,Ikan Teri,101000.0
10,2021-12-27,Ikan Tongkol,33250.0
11,2021-12-27,Ikan Bandeng,31000.0
12,2021-12-27,Ikan Cakalang,32500.0
1,2022-01-03,Jagung,8000.0
2,2022-01-03,Tepung Terigu (Protein Sedang),8550.0
3,2022-01-03,Kedelai,12275.0
4,2022-01-03,Cabe Merah Keriting,31600.0
5,2022-01-03,Cabe Rawit Hijau,47450.0
6,2022-01-03,Bawang Merah,27400.0
7,2022-01-03,Bawang Putih,26550.0
8,2022-01-03,Ikan Kembung,38550.0
9,2022-01-03,Ikan Teri,125000.0
10,2022-01-03,Ikan Tongkol,31500.0
11,2022-01-03,Ikan Bandeng,31466.666666666668
12,2022-01-03,Ikan Cakalang,30000.0
1,2022-01-10,Jagung,8000.0
2,2022-01-10,Tepung Terigu (Protein Sedang),8875.0
3,2022-01-10,Kedelai,12250.0
4,2022-01-10,Cabe Merah Keriting,26850.0
5,2022-01-10,Cabe Rawit Hijau,45400.0
6,2022-01-10,Bawang Merah,26500.0
7,2022-01-10,Bawang Putih,26300.0
8,2022-01-10,Ikan Kembung,39600.0
9,2022-01-10,Ikan Teri,125500.0
10,2022-01-10,Ikan Tongkol,31250.0
11,2022-01-10,Ikan Bandeng,32466.666666666668
12,2022-01-10,Ikan Cakalang,30000.0
1,2022-01-17,Jagung,8000.0
2,2022-01-17,Tepung Terigu (Protein Sedang),8875.0
3,2022-01-17,Kedelai,12250.0
4,2022-01-17,Cabe Merah Keriting,26850.0
5,2022-01-17,Cabe Rawit Hijau,46850.0
6,2022-01-17,Bawang Merah,24850.0
7,2022-01-17,Bawang Putih,25800.0
8,2022-01-17,Ikan Kembung,40000.0
9,2022-01-17,Ikan Teri,128500.0
10,2022-01-17,Ikan Tongkol,32650.0
11,2022-01-17,Ikan Bandeng,33333.333333333336
12,2022-01-17,Ikan Cakalang,30666.666666666668
1,2022-01-24,Jagung,8000.0
2,2022-01-24,Tepung Terigu (Protein Sedang),8875.0
3,2022-01-24,Kedelai,12250.0
4,2022-01-24,Cabe Merah Keriting,24850.0
5,2022-01-24,Cabe Rawit Hijau,45450.0
6,2022-01-24,Bawang Merah,25200.0
7,2022-01-24,Bawang Putih,25550.0
8,2022-01-24,Ikan Kembung,40000.0
9,2022-01-24,Ikan Teri,130000.0
10,2022-01-24,Ikan Tongkol,32500.0
11,2022-01-24,Ikan Bandeng,33333.333333333336
12,2022-01-24,Ikan Cakalang,30333.333333333332
1,2022-01-31,Jagung,8000.0
2,2022-01-31,Tepung Terigu (Protein Sedang),8875.0
3,2022-01-31,Kedelai,12250.0
4,2022-01-31,Cabe Merah Keriting,23500.0
5,2022-01-31,Cabe Rawit Hijau,46387.5
6,2022-01-31,Bawang Merah,24537.5
7,2022-01-31,Bawang Putih,25512.5
8,2022-01-31,Ikan Kembung,40000.0
9,2022-01-31,Ikan Teri,132000.0
10,2022-01-31,Ikan Tongkol,32875.0
11,2022-01-31,Ikan Bandeng,35416.666666666664
12,2022-01-31,Ikan Cakalang,30000.0
1,2022-02-07,Jagung,8000.0
2,2022-02-07,Tepung Terigu (Protein Sedang),8875.0
3,2022-02-07,Kedelai,12250.0
4,2022-02-07,Cabe Merah Keriting,26700.0
5,2022-02-07,Cabe Rawit Hijau,40950.0
6,2022-02-07,Bawang Merah,26800.0
7,2022-02-07,Bawang Putih,25750.0
8,2022-02-07,Ikan Kembung,40000.0
9,2022-02-07,Ikan Teri,132500.0
10,2022-02-07,Ikan Tongkol,33250.0
11,2022-02-07,Ikan Bandeng,35333.333333333336
12,2022-02-07,Ikan Cakalang,30000.0
1,2022-02-14,Jagung,8000.0
2,2022-02-14,Tepung Terigu (Protein Sedang),8875.0
3,2022-02-14,Kedelai,12250.0
4,2022-02-14,Cabe Merah Keriting,33850.0
5,2022-02-14,Cabe Rawit Hijau,40600.0
6,2022-02-14,Bawang Merah,28050.0
7,2022-02-14,Bawang Putih,25700.0
8,2022-02-14,Ikan Kembung,39900.0
9,2022-02-14,Ikan Teri,130000.0
10,2022-02-14,Ikan Tongkol,38200.0
11,2022-02-14,Ikan Bandeng,35000.0
12,2022-02-14,Ikan Cakalang,30000.0
1,2022-02-21,Jagung,8000.0
2,2022-02-21,Tepung Terigu (Protein Sedang),8875.0
3,2022-02-21,Kedelai,12250.0
4,2022-02-21,Cabe Merah Keriting,37000.0
5,2022-02-21,Cabe Rawit Hijau,39900.0
6,2022-02-21,Bawang Merah,30800.0
7,2022-02-21,Bawang Putih,25950.0
8,2022-02-21,Ikan Kembung,39900.0
9,2022-02-21,Ikan Teri,132500.0
10,2022-02-21,Ikan Tongkol,33250.0
11,2022-02-21,Ikan Bandeng,35000.0
12,2022-02-21,Ikan Cakalang,30000.0
1,2022-02-28,Jagung,8000.0
2,2022-02-28,Tepung Terigu (Protein Sedang),8833.333333333334
3,2022-02-28,Kedelai,12600.0
4,2022-02-28,Cabe Merah Keriting,40533.33333333334
5,2022-02-28,Cabe Rawit Hijau,39266.666666666664
6,2022-02-28,Bawang Merah,31555.555555555544
7,2022-02-28,Bawang Putih,26000.00000000001
8,2022-02-28,Ikan Kembung,35555.55555555557
9,2022-02-28,Ikan Teri,130000.0
10,2022-02-28,Ikan Tongkol,31666.666666666668
11,2022-02-28,Ikan Bandeng,37500.0
12,2022-02-28,Ikan Cakalang,29200.0
1,2022-03-07,Jagung,8000.0
2,2022-03-07,Tepung Terigu (Protein Sedang),8833.333333333334
3,2022-03-07,Kedelai,12666.666666666666
4,2022-03-07,Cabe Merah Keriting,53733.333333333336
5,2022-03-07,Cabe Rawit Hijau,44533.333333333336
6,2022-03-07,Bawang Merah,33133.333333333336
7,2022-03-07,Bawang Putih,25466.666666666668
8,2022-03-07,Ikan Kembung,40000.0
9,2022-03-07,Ikan Teri,130333.33333333333
10,2022-03-07,Ikan Tongkol,31666.666666666668
11,2022-03-07,Ikan Bandeng,37500.0
12,2022-03-07,Ikan Cakalang,29000.0
1,2022-03-14,Jagung,8000.0
2,2022-03-14,Tepung Terigu (Protein Sedang),8766.666666666666
3,2022-03-14,Kedelai,12666.666666666666
4,2022-03-14,Cabe Merah Keriting,55466.666666666664
5,2022-03-14,Cabe Rawit Hijau,44866.666666666664
6,2022-03-14,Bawang Merah,32866.666666666664
7,2022-03-14,Bawang Putih,25666.666666666668
8,2022-03-14,Ikan Kembung,40000.0
9,2022-03-14,Ikan Teri,130000.0
10,2022-03-14,Ikan Tongkol,31666.666666666668
11,2022-03-14,Ikan Bandeng,37500.0
12,2022-03-14,Ikan Cakalang,29000.0
1,2022-03-21,Jagung,8000.0
2,2022-03-21,Tepung Terigu (Protein Sedang),8833.333333333334
3,2022-03-21,Kedelai,12666.666666666666
4,2022-03-21,Cabe Merah Keriting,52866.666666666664
5,2022-03-21,Cabe Rawit Hijau,41000.0
6,2022-03-21,Bawang Merah,30933.333333333332
7,2022-03-21,Bawang Putih,25733.333333333332
8,2022-03-21,Ikan Kembung,40000.0
9,2022-03-21,Ikan Teri,130000.0
10,2022-03-21,Ikan Tongkol,32000.0
11,2022-03-21,Ikan Bandeng,37500.0
12,2022-03-21,Ikan Cakalang,29000.0
1,2022-03-28,Jagung,8000.0
2,2022-03-28,Tepung Terigu (Protein Sedang),9100.0
3,2022-03-28,Kedelai,12666.666666666666
4,2022-03-28,Cabe Merah Keriting,44466.666666666664
5,2022-03-28,Cabe Rawit Hijau,39866.666666666664
6,2022-03-28,Bawang Merah,29200.0
7,2022-03-28,Bawang Putih,26066.666666666668
8,2022-03-28,Ikan Kembung,40533.333333333336
9,2022-03-28,Ikan Teri,130000.0
10,2022-03-28,Ikan Tongkol,31666.666666666668
11,2022-03-28,Ikan Bandeng,37500.0
12,2022-03-28,Ikan Cakalang,29000.0
1,2022-04-04,Jagung,8000.0
2,2022-04-04,Tepung Terigu (Protein Sedang),9275.0
3,2022-04-04,Kedelai,12500.0
4,2022-04-04,Cabe Merah Keriting,43600.0
5,2022-04-04,Cabe Rawit Hijau,39500.0
6,2022-04-04,Bawang Merah,30500.0
7,2022-04-04,Bawang Putih,26000.0
8,2022-04-04,Ikan Kembung,39800.0
9,2022-04-04,Ikan Teri,132500.0
10,2022-04-04,Ikan Tongkol,33100.0
11,2022-04-04,Ikan Bandeng,35000.0
12,2022-04-04,Ikan Cakalang,29333.333333333332
1,2022-04-11,Jagung,8000.0
2,2022-04-11,Tepung Terigu (Protein Sedang),9312.5
3,2022-04-11,Kedelai,12500.0
4,2022-04-11,Cabe Merah Keriting,33875.0
5,2022-04-11,Cabe Rawit Hijau,35587.5
6,2022-04-11,Bawang Merah,30437.5
7,2022-04-11,Bawang Putih,26125.0
8,2022-04-11,Ikan Kembung,40000.0
9,2022-04-11,Ikan Teri,132500.0
10,2022-04-11,Ikan Tongkol,33125.0
11,2022-04-11,Ikan Bandeng,35000.0
12,2022-04-11,Ikan Cakalang,29333.333333333332
1,2022-04-18,Jagung,8000.0
2,2022-04-18,Tepung Terigu (Protein Sedang),9275.0
3,2022-04-18,Kedelai,12450.0
4,2022-04-18,Cabe Merah Keriting,32600.0
5,2022-04-18,Cabe Rawit Hijau,34250.0
6,2022-04-18,Bawang Merah,31650.0
7,2022-04-18,Bawang Putih,27150.0
8,2022-04-18,Ikan Kembung,39900.0
9,2022-04-18,Ikan Teri,132500.0
10,2022-04-18,Ikan Tongkol,33250.0
11,2022-04-18,Ikan Bandeng,35866.666666666664
12,2022-04-18,Ikan Cakalang,29666.666666666668
1,2022-04-25,Jagung,8000.0
2,2022-04-25,Tepung Terigu (Protein Sedang),9275.0
3,2022-04-25,Kedelai,12500.0
4,2022-04-25,Cabe Merah Keriting,33375.0
5,2022-04-25,Cabe Rawit Hijau,33837.5
6,2022-04-25,Bawang Merah,32450.0
7,2022-04-25,Bawang Putih,27475.0
8,2022-04-25,Ikan Kembung,40000.0
9,2022-04-25,Ikan Teri,132500.0
10,2022-04-25,Ikan Tongkol,32875.0
11,2022-04-25,Ikan Bandeng,35000.0
12,2022-04-25,Ikan Cakalang,29333.333333333332
1,2022-05-02,Jagung,8000.0
2,2022-05-02,Tepung Terigu (Protein Sedang),9000.0
3,2022-05-02,Kedelai,12500.0
4,2022-05-02,Cabe Merah Keriting,37500.0
5,2022-05-02,Cabe Rawit Hijau,46000.0
6,2022-05-02,Bawang Merah,37500.0
7,2022-05-02,Bawang Putih,28000.0
8,2022-05-02,Ikan Kembung,40000.0
9,2022-05-02,Ikan Teri,130000.0
10,2022-05-02,Ikan Tongkol,30000.0
11,2022-05-02,Ikan Bandeng,35000.0
12,2022-05-02,Ikan Cakalang,30000.0
1,2022-05-09,Jagung,8000.0
2,2022-05-09,Tepung Terigu (Protein Sedang),9500.0
3,2022-05-09,Kedelai,12500.0
4,2022-05-09,Cabe Merah Keriting,30250.0
5,2022-05-09,Cabe Rawit Hijau,42850.0
6,2022-05-09,Bawang Merah,38500.0
7,2022-05-09,Bawang Putih,26550.0
8,2022-05-09,Ikan Kembung,40250.0
9,2022-05-09,Ikan Teri,132500.0
10,2022-05-09,Ikan Tongkol,32750.0
11,2022-05-09,Ikan Bandeng,35000.0
12,2022-05-09,Ikan Cakalang,30000.0
1,2022-05-16,Jagung,8000.0
2,2022-05-16,Tepung Terigu (Protein Sedang),9500.0
3,2022-05-16,Kedelai,12500.0
4,2022-05-16,Cabe Merah Keriting,29500.0
5,2022-05-16,Cabe Rawit Hijau,40625.0
6,2022-05-16,Bawang Merah,36375.0
7,2022-05-16,Bawang Putih,26375.0
8,2022-05-16,Ikan Kembung,39562.5
9,2022-05-16,Ikan Teri,132500.0
10,2022-05-16,Ikan Tongkol,32875.0
11,2022-05-16,Ikan Bandeng,35000.0
12,2022-05-16,Ikan Cakalang,30000.0
1,2022-05-23,Jagung,8000.0
2,2022-05-23,Tepung Terigu (Protein Sedang),9500.0
3,2022-05-23,Kedelai,12500.0
4,2022-05-23,Cabe Merah Keriting,33925.0
5,2022-05-23,Cabe Rawit Hijau,45550.0
6,2022-05-23,Bawang Merah,37625.0
7,2022-05-23,Bawang Putih,26125.0
8,2022-05-23,Ikan Kembung,40312.5
9,2022-05-23,Ikan Teri,132500.0
10,2022-05-23,Ikan Tongkol,33062.5
11,2022-05-23,Ikan Bandeng,35000.0
12,2022-05-23,Ikan Cakalang,30000.0
1,2022-05-30,Jagung,8000.0
2,2022-05-30,Tepung Terigu (Protein Sedang),9500.0
3,2022-05-30,Kedelai,12500.0
4,2022-05-30,Cabe Merah Keriting,51937.5
5,2022-05-30,Cabe Rawit Hijau,55625.0
6,2022-05-30,Bawang Merah,41000.0
7,2022-05-30,Bawang Putih,25000.0
8,2022-05-30,Ikan Kembung,40812.5
9,2022-05-30,Ikan Teri,132500.0
10,2022-05-30,Ikan Tongkol,32500.0
11,2022-05-30,Ikan Bandeng,35000.0
12,2022-05-30,Ikan Cakalang,30000.0
1,2022-06-06,Jagung,8000.0
2,2022-06-06,Tepung Terigu (Protein Sedang),9600.0
3,2022-06-06,Kedelai,12500.0
4,2022-06-06,Cabe Merah Keriting,59300.0
5,2022-06-06,Cabe Rawit Hijau,56000.0
6,2022-06-06,Bawang Merah,40066.666666666664
7,2022-06-06,Bawang Putih,25400.0
8,2022-06-06,Ikan Kembung,41250.0
9,2022-06-06,Ikan Teri,132500.0
10,2022-06-06,Ikan Tongkol,32750.0
11,2022-06-06,Ikan Bandeng,35000.0
12,2022-06-06,Ikan Cakalang,30000.0
1,2022-06-13,Jagung,8000.0
2,2022-06-13,Tepung Terigu (Protein Sedang),9575.0
3,2022-06-13,Kedelai,12500.0
4,2022-06-13,Cabe Merah Keriting,81916.66666666666
5,2022-06-13,Cabe Rawit Hijau,58433.333333333336
6,2022-06-13,Bawang Merah,45183.333333333336
7,2022-06-13,Bawang Putih,25333.333333333332
8,2022-06-13,Ikan Kembung,41850.0
9,2022-06-13,Ikan Teri,132500.0
10,2022-06-13,Ikan Tongkol,32850.0
11,2022-06-13,Ikan Bandeng,35000.0
12,2022-06-13,Ikan Cakalang,30000.0
1,2022-06-20,Jagung,8000.0
2,2022-06-20,Tepung Terigu (Protein Sedang),9575.0
3,2022-06-20,Kedelai,12500.0
4,2022-06-20,Cabe Merah Keriting,96000.0
5,2022-06-20,Cabe Rawit Hijau,60750.0
6,2022-06-20,Bawang Merah,46800.0
7,2022-06-20,Bawang Putih,25050.0
8,2022-06-20,Ikan Kembung,41500.0
9,2022-06-20,Ikan Teri,132500.0
10,2022-06-20,Ikan Tongkol,33050.0
11,2022-06-20,Ikan Bandeng,35000.0
12,2022-06-20,Ikan Cakalang,30000.0
1,2022-06-27,Jagung,8000.0
2,2022-06-27,Tepung Terigu (Protein Sedang),9500.0
3,2022-06-27,Kedelai,12800.0
4,2022-06-27,Cabe Merah Keriting,100000.0
5,2022-06-27,Cabe Rawit Hijau,60450.0
6,2022-06-27,Bawang Merah,48900.0
7,2022-06-27,Bawang Putih,24100.0
8,2022-06-27,Ikan Kembung,41850.0
9,2022-06-27,Ikan Teri,132500.0
10,2022-06-27,Ikan Tongkol,33550.0
11,2022-06-27,Ikan Bandeng,35000.0
12,2022-06-27,Ikan Cakalang,31666.666666666668
1,2022-07-04,Jagung,8000.0
2,2022-07-04,Tepung Terigu (Protein Sedang),9500.0
3,2022-07-04,Kedelai,13250.0
4,2022-07-04,Cabe Merah Keriting,110050.0
5,2022-07-04,Cabe Rawit Hijau,71633.33333333333
6,2022-07-04,Bawang Merah,55783.333333333336
7,2022-07-04,Bawang Putih,21833.333333333332
8,2022-07-04,Ikan Kembung,41550.0
9,2022-07-04,Ikan Teri,132500.0
10,2022-07-04,Ikan Tongkol,33600.0
11,2022-07-04,Ikan Bandeng,35000.0
12,2022-07-04,Ikan Cakalang,31666.666666666668
1,2022-07-11,Jagung,8000.0
2,2022-07-11,Tepung Terigu (Protein Sedang),9575.0
3,2022-07-11,Kedelai,13250.0
4,2022-07-11,Cabe Merah Keriting,115500.0
5,2022-07-11,Cabe Rawit Hijau,87500.0
6,2022-07-11,Bawang Merah,57550.0
7,2022-07-11,Bawang Putih,21150.0
8,2022-07-11,Ikan Kembung,41400.0
9,2022-07-11,Ikan Teri,132500.0
10,2022-07-11,Ikan Tongkol,34200.0
11,2022-07-11,Ikan Bandeng,35000.0
12,2022-07-11,Ikan Cakalang,31666.666666666668
1,2022-07-18,Jagung,8000.0
2,2022-07-18,Tepung Terigu (Protein Sedang),9575.0
3,2022-07-18,Kedelai,13250.0
4,2022-07-18,Cabe Merah Keriting,104000.0
5,2022-07-18,Cabe Rawit Hijau,85500.0
6,2022-07-18,Bawang Merah,56750.0
7,2022-07-18,Bawang Putih,21350.0
8,2022-07-18,Ikan Kembung,41250.0
9,2022-07-18,Ikan Teri,133250.0
10,2022-07-18,Ikan Tongkol,34550.0
11,2022-07-18,Ikan Bandeng,35000.0
12,2022-07-18,Ikan Cakalang,31666.666666666668
1,2022-07-25,Jagung,8000.0
2,2022-07-25,Tepung Terigu (Protein Sedang),9575.0
3,2022-07-25,Kedelai,13250.0
4,2022-07-25,Cabe Merah Keriting,94500.0
5,2022-07-25,Cabe Rawit Hijau,79900.0
6,2022-07-25,Bawang Merah,48300.0
7,2022-07-25,Bawang Putih,20500.0
8,2022-07-25,Ikan Kembung,41250.0
9,2022-07-25,Ikan Teri,132500.0
10,2022-07-25,Ikan Tongkol,34900.0
11,2022-07-25,Ikan Bandeng,35000.0
12,2022-07-25,Ikan Cakalang,31666.666666666668
1,2022-08-01,Jagung,8000.0
2,2022-08-01,Tepung Terigu (Protein Sedang),9825.0
3,2022-08-01,Kedelai,13250.0
4,2022-08-01,Cabe Merah Keriting,85500.0
5,2022-08-01,Cabe Rawit Hijau,65500.0
6,2022-08-01,Bawang Merah,39900.0
7,2022-08-01,Bawang Putih,20500.0
8,2022-08-01,Ikan Kembung,41250.0
9,2022-08-01,Ikan Teri,132500.0
10,2022-08-01,Ikan Tongkol,34900.0
11,2022-08-01,Ikan Bandeng,35000.0
12,2022-08-01,Ikan Cakalang,31666.666666666668
1,2022-08-08,Jagung,8000.0
2,2022-08-08,Tepung Terigu (Protein Sedang),10500.0
3,2022-08-08,Kedelai,13250.0
4,2022-08-08,Cabe Merah Keriting,80900.0
5,2022-08-08,Cabe Rawit Hijau,65500.0
6,2022-08-08,Bawang Merah,33250.0
7,2022-08-08,Bawang Putih,20500.0
8,2022-08-08,Ikan Kembung,41250.0
9,2022-08-08,Ikan Teri,127750.0
10,2022-08-08,Ikan Tongkol,34500.0
11,2022-08-08,Ikan Bandeng,35000.0
12,2022-08-08,Ikan Cakalang,31666.666666666668
1,2022-08-15,Jagung,8000.0
2,2022-08-15,Tepung Terigu (Protein Sedang),10437.5
3,2022-08-15,Kedelai,13250.0
4,2022-08-15,Cabe Merah Keriting,73312.5
5,2022-08-15,Cabe Rawit Hijau,58937.5
6,2022-08-15,Bawang Merah,31000.0
7,2022-08-15,Bawang Putih,20500.0
8,2022-08-15,Ikan Kembung,41312.5
9,2022-08-15,Ikan Teri,132812.5
10,2022-08-15,Ikan Tongkol,34312.5
11,2022-08-15,Ikan Bandeng,35000.0
12,2022-08-15,Ikan Cakalang,31666.666666666668
1,2022-08-22,Jagung,8000.0
2,2022-08-22,Tepung Terigu (Protein Sedang),10350.0
3,2022-08-22,Kedelai,13250.0
4,2022-08-22,Cabe Merah Keriting,67000.0
5,2022-08-22,Cabe Rawit Hijau,55250.0
6,2022-08-22,Bawang Merah,28300.0
7,2022-08-22,Bawang Putih,19700.0
8,2022-08-22,Ikan Kembung,41250.0
9,2022-08-22,Ikan Teri,132500.0
10,2022-08-22,Ikan Tongkol,34500.0
11,2022-08-22,Ikan Bandeng,35800.0
12,2022-08-22,Ikan Cakalang,31666.666666666668
1,2022-08-29,Jagung,8000.0
2,2022-08-29,Tepung Terigu (Protein Sedang),10500.0
3,2022-08-29,Kedelai,13250.0
4,2022-08-29,Cabe Merah Keriting,64875.0
5,2022-08-29,Cabe Rawit Hijau,56500.0
6,2022-08-29,Bawang Merah,29500.0
7,2022-08-29,Bawang Putih,19100.0
8,2022-08-29,Ikan Kembung,41250.0
9,2022-08-29,Ikan Teri,128000.0
10,2022-08-29,Ikan Tongkol,34500.0
11,2022-08-29,Ikan Bandeng,35000.0
12,2022-08-29,Ikan Cakalang,31666.666666666668
1,2022-09-05,Jagung,8000.0
2,2022-09-05,Tepung Terigu (Protein Sedang),10950.0
3,2022-09-05,Kedelai,13250.0
4,2022-09-05,Cabe Merah Keriting,97687.5
5,2022-09-05,Cabe Rawit Hijau,56750.0
6,2022-09-05,Bawang Merah,31550.0
7,2022-09-05,Bawang Putih,20200.0
8,2022-09-05,Ikan Kembung,41250.0
9,2022-09-05,Ikan Teri,132500.0
10,2022-09-05,Ikan Tongkol,34500.0
11,2022-09-05,Ikan Bandeng,35000.0
12,2022-09-05,Ikan Cakalang,31666.666666666668
1,2022-09-12,Jagung,8000.0
2,2022-09-12,Tepung Terigu (Protein Sedang),11000.0
3,2022-09-12,Kedelai,13250.0
4,2022-09-12,Cabe Merah Keriting,82512.5
5,2022-09-12,Cabe Rawit Hijau,60187.5
6,2022-09-12,Bawang Merah,31962.5
7,2022-09-12,Bawang Putih,20300.0
8,2022-09-12,Ikan Kembung,41250.0
9,2022-09-12,Ikan Teri,132500.0
10,2022-09-12,Ikan Tongkol,34500.0
11,2022-09-12,Ikan Bandeng,35000.0
12,2022-09-12,Ikan Cakalang,31666.666666666668
1,2022-09-19,Jagung,8000.0
2,2022-09-19,Tepung Terigu (Protein Sedang),11000.0
3,2022-09-19,Kedelai,13550.0
4,2022-09-19,Cabe Merah Keriting,68900.0
5,2022-09-19,Cabe Rawit Hijau,56550.0
6,2022-09-19,Bawang Merah,32050.0
7,2022-09-19,Bawang Putih,22500.0
8,2022-09-19,Ikan Kembung,41250.0
9,2022-09-19,Ikan Teri,132500.0
10,2022-09-19,Ikan Tongkol,34500.0
11,2022-09-19,Ikan Bandeng,35000.0
12,2022-09-19,Ikan Cakalang,31666.666666666668
1,2022-09-26,Jagung,8125.0
2,2022-09-26,Tepung Terigu (Protein Sedang),11000.0
3,2022-09-26,Kedelai,13750.0
4,2022-09-26,Cabe Merah Keriting,56400.0
5,2022-09-26,Cabe Rawit Hijau,46950.0
6,2022-09-26,Bawang Merah,32000.0
7,2022-09-26,Bawang Putih,21440.0
8,2022-09-26,Ikan Kembung,41000.0
9,2022-09-26,Ikan Teri,132500.0
10,2022-09-26,Ikan Tongkol,34700.0
11,2022-09-26,Ikan Bandeng,35000.0
12,2022-09-26,Ikan Cakalang,31666.666666666668
1,2022-10-03,Jagung,8000.0
2,2022-10-03,Tepung Terigu (Protein Sedang),10800.0
3,2022-10-03,Kedelai,13750.0
4,2022-10-03,Cabe Merah Keriting,50350.0
5,2022-10-03,Cabe Rawit Hijau,46300.0
6,2022-10-03,Bawang Merah,30475.0
7,2022-10-03,Bawang Putih,21300.0
8,2022-10-03,Ikan Kembung,41250.0
9,2022-10-03,Ikan Teri,133250.0
10,2022-10-03,Ikan Tongkol,34700.0
11,2022-10-03,Ikan Bandeng,35000.0
12,2022-10-03,Ikan Cakalang,31666.666666666668
1,2022-10-10,Jagung,8000.0
2,2022-10-10,Tepung Terigu (Protein Sedang),10650.0
3,2022-10-10,Kedelai,13750.0
4,2022-10-10,Cabe Merah Keriting,51875.0
5,2022-10-10,Cabe Rawit Hijau,46200.0
6,2022-10-10,Bawang Merah,31700.0
7,2022-10-10,Bawang Putih,21800.0
8,2022-10-10,Ikan Kembung,41250.0
9,2022-10-10,Ikan Teri,133750.0
10,2022-10-10,Ikan Tongkol,34200.0
11,2022-10-10,Ikan Bandeng,35000.0
12,2022-10-10,Ikan Cakalang,31666.666666666668
1,2022-10-17,Jagung,8000.0
2,2022-10-17,Tepung Terigu (Protein Sedang),10750.0
3,2022-10-17,Kedelai,13750.0
4,2022-10-17,Cabe Merah Keriting,41950.0
5,2022-10-17,Cabe Rawit Hijau,40400.0
6,2022-10-17,Bawang Merah,32200.0
7,2022-10-17,Bawang Putih,23350.0
8,2022-10-17,Ikan Kembung,41250.0
9,2022-10-17,Ikan Teri,130781.25
10,2022-10-17,Ikan Tongkol,39150.0
11,2022-10-17,Ikan Bandeng,35000.0
12,2022-10-17,Ikan Cakalang,31666.666666666668
1,2022-10-24,Jagung,7500.0
2,2022-10-24,Tepung Terigu (Protein Sedang),10750.0
3,2022-10-24,Kedelai,13750.0
4,2022-10-24,Cabe Merah Keriting,33637.5
5,2022-10-24,Cabe Rawit Hijau,34250.0
6,2022-10-24,Bawang Merah,33500.0
7,2022-10-24,Bawang Putih,22562.5
8,2022-10-24,Ikan Kembung,41100.0
9,2022-10-24,Ikan Teri,133750.0
10,2022-10-24,Ikan Tongkol,33700.0
11,2022-10-24,Ikan Bandeng,35000.0
12,2022-10-24,Ikan Cakalang,31666.666666666668
1,2022-10-31,Jagung,8000.0
2,2022-10-31,Tepung Terigu (Protein Sedang),10775.0
3,2022-10-31,Kedelai,13750.0
4,2022-10-31,Cabe Merah Keriting,28850.0
5,2022-10-31,Cabe Rawit Hijau,32150.0
6,2022-10-31,Bawang Merah,32150.0
7,2022-10-31,Bawang Putih,22400.0
8,2022-10-31,Ikan Kembung,41250.0
9,2022-10-31,Ikan Teri,133750.0
10,2022-10-31,Ikan Tongkol,34350.0
11,2022-10-31,Ikan Bandeng,35000.0
12,2022-10-31,Ikan Cakalang,31666.666666666668
1,2022-11-07,Jagung,8000.0
2,2022-11-07,Tepung Terigu (Protein Sedang),10750.0
3,2022-11-07,Kedelai,13750.0
4,2022-11-07,Cabe Merah Keriting,27350.0
5,2022-11-07,Cabe Rawit Hijau,30300.0
6,2022-11-07,Bawang Merah,30750.0
7,2022-11-07,Bawang Putih,22100.0
8,2022-11-07,Ikan Kembung,41100.0
9,2022-11-07,Ikan Teri,133750.0
10,2022-11-07,Ikan Tongkol,35300.0
11,2022-11-07,Ikan Bandeng,35000.0
12,2022-11-07,Ikan Cakalang,31666.666666666668
1,2022-11-14,Jagung,8000.0
2,2022-11-14,Tepung Terigu (Protein Sedang),10950.0
3,2022-11-14,Kedelai,13750.0
4,2022-11-14,Cabe Merah Keriting,28450.0
5,2022-11-14,Cabe Rawit Hijau,32650.0
6,2022-11-14,Bawang Merah,30950.0
7,2022-11-14,Bawang Putih,22750.0
8,2022-11-14,Ikan Kembung,41250.0
9,2022-11-14,Ikan Teri,133750.0
10,2022-11-14,Ikan Tongkol,34550.0
11,2022-11-14,Ikan Bandeng,35000.0
12,2022-11-14,Ikan Cakalang,31666.666666666668
1,2022-11-21,Jagung,8000.0
2,2022-11-21,Tepung Terigu (Protein Sedang),11250.0
3,2022-11-21,Kedelai,13750.0
4,2022-11-21,Cabe Merah Keriting,33950.0
5,2022-11-21,Cabe Rawit Hijau,34100.0
6,2022-11-21,Bawang Merah,30000.0
7,2022-11-21,Bawang Putih,22150.0
8,2022-11-21,Ikan Kembung,41250.0
9,2022-11-21,Ikan Teri,133750.0
10,2022-11-21,Ikan Tongkol,34500.0
11,2022-11-21,Ikan Bandeng,35000.0
12,2022-11-21,Ikan Cakalang,31666.666666666668
1,2022-11-28,Jagung,8000.0
2,2022-11-28,Tepung Terigu (Protein Sedang),11250.0
3,2022-11-28,Kedelai,13750.0
4,2022-11-28,Cabe Merah Keriting,36450.0
5,2022-11-28,Cabe Rawit Hijau,32800.0
6,2022-11-28,Bawang Merah,29600.0
7,2022-11-28,Bawang Putih,20700.0
8,2022-11-28,Ikan Kembung,41100.0
9,2022-11-28,Ikan Teri,133750.0
10,2022-11-28,Ikan Tongkol,34500.0
11,2022-11-28,Ikan Bandeng,35800.0
12,2022-11-28,Ikan Cakalang,32466.666666666668
1,2022-12-05,Jagung,8000.0
2,2022-12-05,Tepung Terigu (Protein Sedang),11250.0
3,2022-12-05,Kedelai,13850.0
4,2022-12-05,Cabe Merah Keriting,39750.0
5,2022-12-05,Cabe Rawit Hijau,38000.0
6,2022-12-05,Bawang Merah,28800.0
7,2022-12-05,Bawang Putih,20400.0
8,2022-12-05,Ikan Kembung,41250.0
9,2022-12-05,Ikan Teri,133750.0
10,2022-12-05,Ikan Tongkol,34350.0
11,2022-12-05,Ikan Bandeng,35000.0
12,2022-12-05,Ikan Cakalang,31666.666666666668
1,2022-12-12,Jagung,8000.0
2,2022-12-12,Tepung Terigu (Protein Sedang),11250.0
3,2022-12-12,Kedelai,14000.0
4,2022-12-12,Cabe Merah Keriting,40750.0
5,2022-12-12,Cabe Rawit Hijau,36950.0
6,2022-12-12,Bawang Merah,28600.0
7,2022-12-12,Bawang Putih,20200.0
8,2022-12-12,Ikan Kembung,43250.0
9,2022-12-12,Ikan Teri,133750.0
10,2022-12-12,Ikan Tongkol,35150.0
11,2022-12-12,Ikan Bandeng,35800.0
12,2022-12-12,Ikan Cakalang,31666.666666666668
1,2022-12-19,Jagung,8000.0
2,2022-12-19,Tepung Terigu (Protein Sedang),11250.0
3,2022-12-19,Kedelai,14000.0
4,2022-12-19,Cabe Merah Keriting,41650.0
5,2022-12-19,Cabe Rawit Hijau,40900.0
6,2022-12-19,Bawang Merah,29800.0
7,2022-12-19,Bawang Putih,20200.0
8,2022-12-19,Ikan Kembung,43650.0
9,2022-12-19,Ikan Teri,133750.0
10,2022-12-19,Ikan Tongkol,35800.0
11,2022-12-19,Ikan Bandeng,35000.0
12,2022-12-19,Ikan Cakalang,31666.666666666668
1,2022-12-26,Jagung,8000.0
2,2022-12-26,Tepung Terigu (Protein Sedang),11250.0
3,2022-12-26,Kedelai,13950.0
4,2022-12-26,Cabe Merah Keriting,43150.0
5,2022-12-26,Cabe Rawit Hijau,43250.0
6,2022-12-26,Bawang Merah,30000.0
7,2022-12-26,Bawang Putih,19700.0
8,2022-12-26,Ikan Kembung,42500.0
9,2022-12-26,Ikan Teri,133750.0
10,2022-12-26,Ikan Tongkol,34800.0
11,2022-12-26,Ikan Bandeng,35000.0
12,2022-12-26,Ikan Cakalang,31666.666666666668
1,2023-01-02,Jagung,8000.0
2,2023-01-02,Tepung Terigu (Protein Sedang),11500.0
3,2023-01-02,Kedelai,14200.0
4,2023-01-02,Cabe Merah Keriting,44000.0
5,2023-01-02,Cabe Rawit Hijau,44750.0
6,2023-01-02,Bawang Merah,30800.0
7,2023-01-02,Bawang Putih,20700.0
8,2023-01-02,Ikan Kembung,43350.0
9,2023-01-02,Ikan Teri,133750.0
10,2023-01-02,Ikan Tongkol,35850.0
11,2023-01-02,Ikan Bandeng,39333.333333333336
12,2023-01-02,Ikan Cakalang,34333.333333333336
1,2023-01-09,Jagung,8000.0
2,2023-01-09,Tepung Terigu (Protein Sedang),11500.0
3,2023-01-09,Kedelai,14150.0
4,2023-01-09,Cabe Merah Keriting,45300.0
5,2023-01-09,Cabe Rawit Hijau,51800.0
6,2023-01-09,Bawang Merah,33200.0
7,2023-01-09,Bawang Putih,22350.0
8,2023-01-09,Ikan Kembung,46250.0
9,2023-01-09,Ikan Teri,133750.0
10,2023-01-09,Ikan Tongkol,40200.0
11,2023-01-09,Ikan Bandeng,43333.333333333336
12,2023-01-09,Ikan Cakalang,38333.333333333336
1,2023-01-16,Jagung,8000.0
2,2023-01-16,Tepung Terigu (Protein Sedang),11500.0
3,2023-01-16,Kedelai,14775.0
4,2023-01-16,Cabe Merah Keriting,46300.0
5,2023-01-16,Cabe Rawit Hijau,49500.0
6,2023-01-16,Bawang Merah,35250.0
7,2023-01-16,Bawang Putih,24700.0
8,2023-01-16,Ikan Kembung,45000.0
9,2023-01-16,Ikan Teri,133750.0
10,2023-01-16,Ikan Tongkol,39583.33333333333
11,2023-01-16,Ikan Bandeng,41666.666666666664
12,2023-01-16,Ikan Cakalang,38250.0
1,2023-01-23,Jagung,7437.5
2,2023-01-23,Tepung Terigu (Protein Sedang),11812.5
3,2023-01-23,Kedelai,15625.0
4,2023-01-23,Cabe Merah Keriting,44412.5
5,2023-01-23,Cabe Rawit Hijau,49587.5
6,2023-01-23,Bawang Merah,34450.0
7,2023-01-23,Bawang Putih,24437.5
8,2023-01-23,Ikan Kembung,45000.0
9,2023-01-23,Ikan Teri,133750.0
10,2023-01-23,Ikan Tongkol,40625.0
11,2023-01-23,Ikan Bandeng,41666.666666666664
12,2023-01-23,Ikan Cakalang,37666.666666666664
1,2023-01-30,Jagung,7250.0
2,2023-01-30,Tepung Terigu (Protein Sedang),11750.0
3,2023-01-30,Kedelai,15900.0
4,2023-01-30,Cabe Merah Keriting,50100.0
5,2023-01-30,Cabe Rawit Hijau,50100.0
6,2023-01-30,Bawang Merah,35700.0
7,2023-01-30,Bawang Putih,25050.0
8,2023-01-30,Ikan Kembung,44600.0
9,2023-01-30,Ikan Teri,133750.0
10,2023-01-30,Ikan Tongkol,40000.0
11,2023-01-30,Ikan Bandeng,42200.0
12,2023-01-30,Ikan Cakalang,37666.666666666664
1,2023-02-06,Jagung,7250.0
2,2023-02-06,Tepung Terigu (Protein Sedang),11800.0
3,2023-02-06,Kedelai,15900.0
4,2023-02-06,Cabe Merah Keriting,53350.0
5,2023-02-06,Cabe Rawit Hijau,45350.0
6,2023-02-06,Bawang Merah,35600.0
7,2023-02-06,Bawang Putih,24750.0
8,2023-02-06,Ikan Kembung,42900.0
9,2023-02-06,Ikan Teri,133750.0
10,2023-02-06,Ikan Tongkol,40300.0
11,2023-02-06,Ikan Bandeng,44333.333333333336
12,2023-02-06,Ikan Cakalang,37666.666666666664
1,2023-02-13,Jagung,7250.0
2,2023-02-13,Tepung Terigu (Protein Sedang),11900.0
3,2023-02-13,Kedelai,16000.0
4,2023-02-13,Cabe Merah Keriting,47650.0
5,2023-02-13,Cabe Rawit Hijau,44750.0
6,2023-02-13,Bawang Merah,35900.0
7,2023-02-13,Bawang Putih,25400.0
8,2023-02-13,Ikan Kembung,44000.0
9,2023-02-13,Ikan Teri,133750.0
10,2023-02-13,Ikan Tongkol,41500.0
11,2023-02-13,Ikan Bandeng,41666.666666666664
12,2023-02-13,Ikan Cakalang,37666.666666666664
1,2023-02-20,Jagung,7250.0
2,2023-02-20,Tepung Terigu (Protein Sedang),11850.0
3,2023-02-20,Kedelai,16000.0
4,2023-02-20,Cabe Merah Keriting,50625.0
5,2023-02-20,Cabe Rawit Hijau,46100.0
6,2023-02-20,Bawang Merah,34650.0
7,2023-02-20,Bawang Putih,25200.0
8,2023-02-20,Ikan Kembung,44400.0
9,2023-02-20,Ikan Teri,131450.0
10,2023-02-20,Ikan Tongkol,39500.0
11,2023-02-20,Ikan Bandeng,41666.666666666664
12,2023-02-20,Ikan Cakalang,37666.666666666664
1,2023-02-27,Jagung,7250.0
2,2023-02-27,Tepung Terigu (Protein Sedang),12200.0
3,2023-02-27,Kedelai,16000.0
4,2023-02-27,Cabe Merah Keriting,48750.0
5,2023-02-27,Cabe Rawit Hijau,45650.0
6,2023-02-27,Bawang Merah,33600.0
7,2023-02-27,Bawang Putih,25250.0
8,2023-02-27,Ikan Kembung,44500.0
9,2023-02-27,Ikan Teri,133750.0
10,2023-02-27,Ikan Tongkol,39500.0
11,2023-02-27,Ikan Bandeng,41666.666666666664
12,2023-02-27,Ikan Cakalang,37666.666666666664
1,2023-03-06,Jagung,7250.0
2,2023-03-06,Tepung Terigu (Protein Sedang),12850.0
3,2023-03-06,Kedelai,16000.0
4,2023-03-06,Cabe Merah Keriting,50050.0
5,2023-03-06,Cabe Rawit Hijau,45450.0
6,2023-03-06,Bawang Merah,33800.0
7,2023-03-06,Bawang Putih,25900.0
8,2023-03-06,Ikan Kembung,43150.0
9,2023-03-06,Ikan Teri,133750.0
10,2023-03-06,Ikan Tongkol,38550.0
11,2023-03-06,Ikan Bandeng,38666.666666666664
12,2023-03-06,Ikan Cakalang,34666.666666666664
1,2023-03-13,Jagung,7250.0
2,2023-03-13,Tepung Terigu (Protein Sedang),12950.0
3,2023-03-13,Kedelai,16000.0
4,2023-03-13,Cabe Merah Keriting,51150.0
5,2023-03-13,Cabe Rawit Hijau,45400.0
6,2023-03-13,Bawang Merah,35650.0
7,2023-03-13,Bawang Putih,29150.0
8,2023-03-13,Ikan Kembung,43450.0
9,2023-03-13,Ikan Teri,133750.0
10,2023-03-13,Ikan Tongkol,38250.0
11,2023-03-13,Ikan Bandeng,38333.333333333336
12,2023-03-13,Ikan Cakalang,34333.333333333336
1,2023-03-20,Jagung,7250.0
2,2023-03-20,Tepung Terigu (Protein Sedang),12791.666666666666
3,2023-03-20,Kedelai,16000.0
4,2023-03-20,Cabe Merah Keriting,45933.333333333336
5,2023-03-20,Cabe Rawit Hijau,40100.00000000001
6,2023-03-20,Bawang Merah,33366.666666666664
7,2023-03-20,Bawang Putih,28350.0
8,2023-03-20,Ikan Kembung,43250.0
9,2023-03-20,Ikan Teri,133750.0
10,2023-03-20,Ikan Tongkol,37416.66666666667
11,2023-03-20,Ikan Bandeng,38333.333333333336
12,2023-03-20,Ikan Cakalang,34333.333333333336
1,2023-03-27,Jagung,7250.0
2,2023-03-27,Tepung Terigu (Protein Sedang),12875.0
3,2023-03-27,Kedelai,16000.0
4,2023-03-27,Cabe Merah Keriting,39400.0
5,2023-03-27,Cabe Rawit Hijau,36300.0
6,2023-03-27,Bawang Merah,31350.0
7,2023-03-27,Bawang Putih,27950.0
8,2023-03-27,Ikan Kembung,43250.0
9,2023-03-27,Ikan Teri,133750.0
10,2023-03-27,Ikan Tongkol,37750.0
11,2023-03-27,Ikan Bandeng,38333.333333333336
12,2023-03-27,Ikan Cakalang,34333.333333333336
1,2023-04-03,Jagung,7250.0
2,2023-04-03,Tepung Terigu (Protein Sedang),12875.0
3,2023-04-03,Kedelai,16000.0
4,2023-04-03,Cabe Merah Keriting,34262.5
5,2023-04-03,Cabe Rawit Hijau,33462.5
6,2023-04-03,Bawang Merah,28600.0
7,2023-04-03,Bawang Putih,26750.0
8,2023-04-03,Ikan Kembung,43250.0
9,2023-04-03,Ikan Teri,133750.0
10,2023-04-03,Ikan Tongkol,37687.5
11,2023-04-03,Ikan Bandeng,38333.333333333336
12,2023-04-03,Ikan Cakalang,34333.333333333336
1,2023-04-10,Jagung,7250.0
2,2023-04-10,Tepung Terigu (Protein Sedang),12875.0
3,2023-04-10,Kedelai,16000.0
4,2023-04-10,Cabe Merah Keriting,34100.0
5,2023-04-10,Cabe Rawit Hijau,33400.0
6,2023-04-10,Bawang Merah,28450.0
7,2023-04-10,Bawang Putih,26850.0
8,2023-04-10,Ikan Kembung,43250.0
9,2023-04-10,Ikan Teri,133750.0
10,2023-04-10,Ikan Tongkol,36600.0
11,2023-04-10,Ikan Bandeng,38333.333333333336
12,2023-04-10,Ikan Cakalang,34333.333333333336
1,2023-04-17,Jagung,7250.0
2,2023-04-17,Tepung Terigu (Protein Sedang),12875.0
3,2023-04-17,Kedelai,16000.0
4,2023-04-17,Cabe Merah Keriting,32975.0
5,2023-04-17,Cabe Rawit Hijau,32250.0
6,2023-04-17,Bawang Merah,29350.0
7,2023-04-17,Bawang Putih,26650.0
8,2023-04-17,Ikan Kembung,43250.0
9,2023-04-17,Ikan Teri,133750.0
10,2023-04-17,Ikan Tongkol,37750.0
11,2023-04-17,Ikan Bandeng,38333.333333333336
12,2023-04-17,Ikan Cakalang,34333.333333333336
1,2023-04-24,Jagung,7250.0
2,2023-04-24,Tepung Terigu (Protein Sedang),12750.0
3,2023-04-24,Kedelai,16000.0
4,2023-04-24,Cabe Merah Keriting,32837.5
5,2023-04-24,Cabe Rawit Hijau,33875.0
6,2023-04-24,Bawang Merah,30341.666666666668
7,2023-04-24,Bawang Putih,28749.999999999993
8,2023-04-24,Ikan Kembung,43250.0
9,2023-04-24,Ikan Teri,133750.0
10,2023-04-24,Ikan Tongkol,37833.33333333333
11,2023-04-24,Ikan Bandeng,38333.333333333336
12,2023-04-24,Ikan Cakalang,34333.333333333336
1,2023-05-01,Jagung,7250.0
2,2023-05-01,Tepung Terigu (Protein Sedang),12750.0
3,2023-05-01,Kedelai,16000.0
4,2023-05-01,Cabe Merah Keriting,32645.833333333332
5,2023-05-01,Cabe Rawit Hijau,34416.66666666667
6,2023-05-01,Bawang Merah,29229.166666666668
7,2023-05-01,Bawang Putih,27750.0
8,2023-05-01,Ikan Kembung,43250.0
9,2023-05-01,Ikan Teri,133750.0
10,2023-05-01,Ikan Tongkol,38625.0
11,2023-05-01,Ikan Bandeng,38333.333333333336
12,2023-05-01,Ikan Cakalang,34333.333333333336
1,2023-05-08,Jagung,7250.0
2,2023-05-08,Tepung Terigu (Protein Sedang),12750.0
3,2023-05-08,Kedelai,16000.0
4,2023-05-08,Cabe Merah Keriting,32137.5
5,2023-05-08,Cabe Rawit Hijau,33637.5
6,2023-05-08,Bawang Merah,32425.0
7,2023-05-08,Bawang Putih,27650.0
8,2023-05-08,Ikan Kembung,43250.0
9,2023-05-08,Ikan Teri,133750.0
10,2023-05-08,Ikan Tongkol,38700.0
11,2023-05-08,Ikan Bandeng,38333.333333333336
12,2023-05-08,Ikan Cakalang,34333.333333333336
1,2023-05-15,Jagung,7250.0
2,2023-05-15,Tepung Terigu (Protein Sedang),12750.0
3,2023-05-15,Kedelai,16000.0
4,2023-05-15,Cabe Merah Keriting,30950.0
5,2023-05-15,Cabe Rawit Hijau,32025.0
6,2023-05-15,Bawang Merah,32125.0
7,2023-05-15,Bawang Putih,30812.5
8,2023-05-15,Ikan Kembung,43250.0
9,2023-05-15,Ikan Teri,133750.0
10,2023-05-15,Ikan Tongkol,39000.0
11,2023-05-15,Ikan Bandeng,38333.333333333336
12,2023-05-15,Ikan Cakalang,34333.333333333336
1,2023-05-22,Jagung,7250.0
2,2023-05-22,Tepung Terigu (Protein Sedang),12750.0
3,2023-05-22,Kedelai,16000.0
4,2023-05-22,Cabe Merah Keriting,30775.0
5,2023-05-22,Cabe Rawit Hijau,34050.0
6,2023-05-22,Bawang Merah,30425.0
7,2023-05-22,Bawang Putih,32325.0
8,2023-05-22,Ikan Kembung,43250.0
9,2023-05-22,Ikan Teri,133750.0
10,2023-05-22,Ikan Tongkol,39000.0
11,2023-05-22,Ikan Bandeng,38333.333333333336
12,2023-05-22,Ikan Cakalang,34333.333333333336
1,2023-05-29,Jagung,7250.0
2,2023-05-29,Tepung Terigu (Protein Sedang),12750.0
3,2023-05-29,Kedelai,16000.0
4,2023-05-29,Cabe Merah Keriting,31933.333333333332
5,2023-05-29,Cabe Rawit Hijau,35033.333333333336
6,2023-05-29,Bawang Merah,30300.0
7,2023-05-29,Bawang Putih,32983.33333333333
8,2023-05-29,Ikan Kembung,43250.0
9,2023-05-29,Ikan Teri,133750.0
10,2023-05-29,Ikan Tongkol,39000.0
11,2023-05-29,Ikan Bandeng,38333.333333333336
12,2023-05-29,Ikan Cakalang,34333.333333333336
1,2023-06-05,Jagung,7750.0
2,2023-06-05,Tepung Terigu (Protein Sedang),12750.0
3,2023-06-05,Kedelai,16000.0
4,2023-06-05,Cabe Merah Keriting,30150.0
5,2023-06-05,Cabe Rawit Hijau,35450.0
6,2023-06-05,Bawang Merah,31900.0
7,2023-06-05,Bawang Putih,33350.0
8,2023-06-05,Ikan Kembung,43100.0
9,2023-06-05,Ikan Teri,133750.0
10,2023-06-05,Ikan Tongkol,38550.0
11,2023-06-05,Ikan Bandeng,38200.0
12,2023-06-05,Ikan Cakalang,34333.333333333336
1,2023-06-12,Jagung,7750.0
2,2023-06-12,Tepung Terigu (Protein Sedang),12750.0
3,2023-06-12,Kedelai,16000.0
4,2023-06-12,Cabe Merah Keriting,29850.0
5,2023-06-12,Cabe Rawit Hijau,34950.0
6,2023-06-12,Bawang Merah,32500.0
7,2023-06-12,Bawang Putih,33500.0
8,2023-06-12,Ikan Kembung,43250.0
9,2023-06-12,Ikan Teri,133750.0
10,2023-06-12,Ikan Tongkol,39250.0
11,2023-06-12,Ikan Bandeng,38333.333333333336
12,2023-06-12,Ikan Cakalang,34333.333333333336
1,2023-06-19,Jagung,7750.0
2,2023-06-19,Tepung Terigu (Protein Sedang),12750.0
3,2023-06-19,Kedelai,16000.0
4,2023-06-19,Cabe Merah Keriting,31000.0
5,2023-06-19,Cabe Rawit Hijau,34600.0
6,2023-06-19,Bawang Merah,33750.0
7,2023-06-19,Bawang Putih,33750.0
8,2023-06-19,Ikan Kembung,42850.0
9,2023-06-19,Ikan Teri,133750.0
10,2023-06-19,Ikan Tongkol,39000.0
11,2023-06-19,Ikan Bandeng,38333.333333333336
12,2023-06-19,Ikan Cakalang,34333.333333333336
1,2023-06-26,Jagung,7750.0
2,2023-06-26,Tepung Terigu (Protein Sedang),12750.0
3,2023-06-26,Kedelai,16000.0
4,2023-06-26,Cabe Merah Keriting,30375.0
5,2023-06-26,Cabe Rawit Hijau,35225.0
6,2023-06-26,Bawang Merah,34250.0
7,2023-06-26,Bawang Putih,33600.0
8,2023-06-26,Ikan Kembung,43250.0
9,2023-06-26,Ikan Teri,133750.0
10,2023-06-26,Ikan Tongkol,39000.0
11,2023-06-26,Ikan Bandeng,38333.333333333336
12,2023-06-26,Ikan Cakalang,34333.333333333336
1,2023-07-03,Jagung,8000.0
2,2023-07-03,Tepung Terigu (Protein Sedang),12750.0
3,2023-07-03,Kedelai,16000.0
4,2023-07-03,Cabe Merah Keriting,43850.0
5,2023-07-03,Cabe Rawit Hijau,45450.0
6,2023-07-03,Bawang Merah,38000.0
7,2023-07-03,Bawang Putih,42150.0
8,2023-07-03,Ikan Kembung,43250.0
9,2023-07-03,Ikan Teri,133750.0
10,2023-07-03,Ikan Tongkol,39000.0
11,2023-07-03,Ikan Bandeng,38333.333333333336
12,2023-07-03,Ikan Cakalang,34333.333333333336
1,2023-07-10,Jagung,8000.0
2,2023-07-10,Tepung Terigu (Protein Sedang),12750.0
3,2023-07-10,Kedelai,16000.0
4,2023-07-10,Cabe Merah Keriting,40100.0
5,2023-07-10,Cabe Rawit Hijau,43350.0
6,2023-07-10,Bawang Merah,36950.0
7,2023-07-10,Bawang Putih,43050.0
8,2023-07-10,Ikan Kembung,43250.0
9,2023-07-10,Ikan Teri,133750.0
10,2023-07-10,Ikan Tongkol,39000.0
11,2023-07-10,Ikan Bandeng,38333.333333333336
12,2023-07-10,Ikan Cakalang,34333.333333333336
1,2023-07-17,Jagung,8000.0
2,2023-07-17,Tepung Terigu (Protein Sedang),12750.0
3,2023-07-17,Kedelai,16000.0
4,2023-07-17,Cabe Merah Keriting,37862.5
5,2023-07-17,Cabe Rawit Hijau,39375.0
6,2023-07-17,Bawang Merah,35100.0
7,2023-07-17,Bawang Putih,42100.0
8,2023-07-17,Ikan Kembung,43250.0
9,2023-07-17,Ikan Teri,133750.0
10,2023-07-17,Ikan Tongkol,39000.0
11,2023-07-17,Ikan Bandeng,38333.333333333336
12,2023-07-17,Ikan Cakalang,34333.333333333336
1,2023-07-24,Jagung,8000.0
2,2023-07-24,Tepung Terigu (Protein Sedang),12750.0
3,2023-07-24,Kedelai,16000.0
4,2023-07-24,Cabe Merah Keriting,35650.0
5,2023-07-24,Cabe Rawit Hijau,37350.0
6,2023-07-24,Bawang Merah,33450.0
7,2023-07-24,Bawang Putih,38750.0
8,2023-07-24,Ikan Kembung,40850.0
9,2023-07-24,Ikan Teri,133750.0
10,2023-07-24,Ikan Tongkol,39000.0
11,2023-07-24,Ikan Bandeng,38333.333333333336
12,2023-07-24,Ikan Cakalang,34333.333333333336
1,2023-07-31,Jagung,8000.0
2,2023-07-31,Tepung Terigu (Protein Sedang),13266.666666666666
3,2023-07-31,Kedelai,16333.333333333334
4,2023-07-31,Cabe Merah Keriting,35400.0
5,2023-07-31,Cabe Rawit Hijau,38600.0
6,2023-07-31,Bawang Merah,31933.333333333332
7,2023-07-31,Bawang Putih,37400.0
8,2023-07-31,Ikan Kembung,42533.333333333336
9,2023-07-31,Ikan Teri,135000.0
10,2023-07-31,Ikan Tongkol,39133.333333333336
11,2023-07-31,Ikan Bandeng,38200.0
12,2023-07-31,Ikan Cakalang,36500.0
1,2023-08-07,Jagung,8000.0
2,2023-08-07,Tepung Terigu (Protein Sedang),13333.333333333334
3,2023-08-07,Kedelai,16333.333333333334
4,2023-08-07,Cabe Merah Keriting,32733.333333333332
5,2023-08-07,Cabe Rawit Hijau,39466.666666666664
6,2023-08-07,Bawang Merah,30200.0
7,2023-08-07,Bawang Putih,37133.333333333336
8,2023-08-07,Ikan Kembung,42200.0
9,2023-08-07,Ikan Teri,135000.0
10,2023-08-07,Ikan Tongkol,40200.0
11,2023-08-07,Ikan Bandeng,38066.666666666664
12,2023-08-07,Ikan Cakalang,36500.0
1,2023-08-14,Jagung,8000.0
2,2023-08-14,Tepung Terigu (Protein Sedang),13333.333333333334
3,2023-08-14,Kedelai,16333.333333333334
4,2023-08-14,Cabe Merah Keriting,40333.333333333336
5,2023-08-14,Cabe Rawit Hijau,41416.666666666664
6,2023-08-14,Bawang Merah,29666.666666666668
7,2023-08-14,Bawang Putih,37333.333333333336
8,2023-08-14,Ikan Kembung,42166.666666666664
9,2023-08-14,Ikan Teri,135000.0
10,2023-08-14,Ikan Tongkol,38750.0
11,2023-08-14,Ikan Bandeng,38333.333333333336
12,2023-08-14,Ikan Cakalang,36500.0
1,2023-08-21,Jagung,8000.0
2,2023-08-21,Tepung Terigu (Protein Sedang),13333.333333333334
3,2023-08-21,Kedelai,16333.333333333334
4,2023-08-21,Cabe Merah Keriting,54583.333333333336
5,2023-08-21,Cabe Rawit Hijau,42750.0
6,2023-08-21,Bawang Merah,28916.666666666668
7,2023-08-21,Bawang Putih,35833.333333333336
8,2023-08-21,Ikan Kembung,42416.666666666664
9,2023-08-21,Ikan Teri,135000.0
10,2023-08-21,Ikan Tongkol,40083.333333333336
11,2023-08-21,Ikan Bandeng,38333.333333333336
12,2023-08-21,Ikan Cakalang,36500.0
1,2023-08-28,Jagung,8000.0
2,2023-08-28,Tepung Terigu (Protein Sedang),13250.0
3,2023-08-28,Kedelai,16000.0
4,2023-08-28,Cabe Merah Keriting,50250.0
5,2023-08-28,Cabe Rawit Hijau,48071.0
6,2023-08-28,Bawang Merah,28700.0
7,2023-08-28,Bawang Putih,36500.0
8,2023-08-28,Ikan Kembung,43100.0
9,2023-08-28,Ikan Teri,135000.0
10,2023-08-28,Ikan Tongkol,37950.0
11,2023-08-28,Ikan Bandeng,36250.0
12,2023-08-28,Ikan Cakalang,29500.0
1,2023-09-04,Jagung,8000.0
2,2023-09-04,Tepung Terigu (Protein Sedang),13275.0
3,2023-09-04,Kedelai,16000.0
4,2023-09-04,Cabe Merah Keriting,49150.0
5,2023-09-04,Cabe Rawit Hijau,37271.0
6,2023-09-04,Bawang Merah,28450.0
7,2023-09-04,Bawang Putih,36500.0
8,2023-09-04,Ikan Kembung,43250.0
9,2023-09-04,Ikan Teri,135000.0
10,2023-09-04,Ikan Tongkol,38250.0
11,2023-09-04,Ikan Bandeng,36250.0
12,2023-09-04,Ikan Cakalang,35000.0
1,2023-09-11,Jagung,8000.0
2,2023-09-11,Tepung Terigu (Protein Sedang),13250.0
3,2023-09-11,Kedelai,16000.0
4,2023-09-11,Cabe Merah Keriting,46950.0
5,2023-09-11,Cabe Rawit Hijau,48603.25
6,2023-09-11,Bawang Merah,26750.0
7,2023-09-11,Bawang Putih,36250.0
8,2023-09-11,Ikan Kembung,43000.0
9,2023-09-11,Ikan Teri,135000.0
10,2023-09-11,Ikan Tongkol,38250.0
11,2023-09-11,Ikan Bandeng,36250.0
12,2023-09-11,Ikan Cakalang,29500.0
1,2023-09-18,Jagung,8000.0
2,2023-09-18,Tepung Terigu (Protein Sedang),13250.0
3,2023-09-18,Kedelai,16000.0
4,2023-09-18,Cabe Merah Keriting,47187.5
5,2023-09-18,Cabe Rawit Hijau,47428.25
6,2023-09-18,Bawang Merah,23625.0
7,2023-09-18,Bawang Putih,35062.5
8,2023-09-18,Ikan Kembung,43062.5
9,2023-09-18,Ikan Teri,135000.0
10,2023-09-18,Ikan Tongkol,38062.5
11,2023-09-18,Ikan Bandeng,36250.0
12,2023-09-18,Ikan Cakalang,29500.0
1,2023-09-25,Jagung,8000.0
2,2023-09-25,Tepung Terigu (Protein Sedang),13250.0
3,2023-09-25,Kedelai,16000.0
4,2023-09-25,Cabe Merah Keriting,48350.0
5,2023-09-25,Cabe Rawit Hijau,49250.0
6,2023-09-25,Bawang Merah,22700.0
7,2023-09-25,Bawang Putih,34250.0
8,2023-09-25,Ikan Kembung,67000.0
9,2023-09-25,Ikan Teri,110000.0
10,2023-09-25,Ikan Tongkol,38250.0
11,2023-09-25,Ikan Bandeng,36875.0
12,2023-09-25,Ikan Cakalang,36250.0
1,2023-10-02,Jagung,8000.0
2,2023-10-02,Tepung Terigu (Protein Sedang),13250.0
3,2023-10-02,Kedelai,16000.0
4,2023-10-02,Cabe Merah Keriting,45950.0
5,2023-10-02,Cabe Rawit Hijau,48000.0
6,2023-10-02,Bawang Merah,22683.333333333332
7,2023-10-02,Bawang Putih,34250.0
8,2023-10-02,Ikan Kembung,43250.0
9,2023-10-02,Ikan Teri,135000.0
10,2023-10-02,Ikan Tongkol,38250.0
11,2023-10-02,Ikan Bandeng,36875.0
12,2023-10-02,Ikan Cakalang,35000.0
1,2023-10-09,Jagung,8000.0
2,2023-10-09,Tepung Terigu (Protein Sedang),13350.0
3,2023-10-09,Kedelai,16100.0
4,2023-10-09,Cabe Merah Keriting,45300.0
5,2023-10-09,Cabe Rawit Hijau,48250.0
6,2023-10-09,Bawang Merah,22900.0
7,2023-10-09,Bawang Putih,34250.0
8,2023-10-09,Ikan Kembung,42650.0
9,2023-10-09,Ikan Teri,136000.0
10,2023-10-09,Ikan Tongkol,35650.0
11,2023-10-09,Ikan Bandeng,35875.0
12,2023-10-09,Ikan Cakalang,35000.0
1,2023-10-16,Jagung,8000.0
2,2023-10-16,Tepung Terigu (Protein Sedang),30187.5
3,2023-10-16,Kedelai,13125.0
4,2023-10-16,Cabe Merah Keriting,42750.0
5,2023-10-16,Cabe Rawit Hijau,47875.0
6,2023-10-16,Bawang Merah,22500.0
7,2023-10-16,Bawang Putih,34250.0
8,2023-10-16,Ikan Kembung,42500.0
9,2023-10-16,Ikan Teri,135000.0
10,2023-10-16,Ikan Tongkol,34375.0
11,2023-10-16,Ikan Bandeng,35625.0
12,2023-10-16,Ikan Cakalang,35000.0
