id,tanggal,nama_komoditas,harga
1,2022-12-01,Beras,15020.838084
2,2022-12-01,Tepung Terigu,14086.830783
3,2022-12-01,Daging Ayam Ras,52409.721329
4,2022-12-01,Daging Sapi,161325.757398
5,2022-12-01,Ikan Kembung/Ikan Gembung/ Ikan Banyar/Ikan Gembolo/ Ikan Aso-Aso,57145.555732
6,2022-12-01,Susu Bubuk,49955.307473
7,2022-12-01,Susu Kental Manis,12625.953382
8,2022-12-01,Telur Ayam Ras,1977.939127
9,2022-12-01,Minyak Goreng,15888.216715
10,2022-12-01,Tomat,14829.810021
11,2022-12-01,Cabai Merah,41990.372416
12,2022-12-01,Cabai Rawit,47599.312633
13,2022-12-01,Bawang Merah,32395.184837
14,2022-12-01,Bawang Putih,29096.997855
15,2022-12-01,Tahu Mentah,11130.165653
16,2022-12-01,Tempe,9477.133159
17,2022-12-01,Gula Pasir,14177.390013
18,2022-12-01,Susu Bubuk Untuk Balita,59378.157898
19,2022-12-01,Susu Bubuk Untuk Bayi,73537.731963
20,2022-12-01,Bahan Bakar Rumah Tangga,24359.229556
21,2022-12-01,Emas Perhiasan,825488.221009
1,2023-01-01,Beras,14822.600009
2,2023-01-01,Tepung Terigu,14086.830783
3,2023-01-01,Daging Ayam Ras,50978.178539
4,2023-01-01,Daging Sapi,161325.757398
5,2023-01-01,Ikan Kembung/Ikan Gembung/ Ikan Banyar/Ikan Gembolo/ Ikan Aso-Aso,57794.242684
6,2023-01-01,Susu Bubuk,50739.461433
7,2023-01-01,Susu Kental Manis,12625.522022
8,2023-01-01,Telur Ayam Ras,1974.944158
9,2023-01-01,Minyak Goreng,18261.766763
10,2023-01-01,Tomat,14541.475188
11,2023-01-01,Cabai Merah,43584.357994
12,2023-01-01,Cabai Rawit,54528.526513
13,2023-01-01,Bawang Merah,40265.864891
14,2023-01-01,Bawang Putih,31112.842193
15,2023-01-01,Tahu Mentah,11170.663899
16,2023-01-01,Tempe,9477.133159
17,2023-01-01,Gula Pasir,14317.738637
18,2023-01-01,Susu Bubuk Untuk Balita,58725.895114
19,2023-01-01,Susu Bubuk Untuk Bayi,70645.561386
20,2023-01-01,Bahan Bakar Rumah Tangga,24270.13351
21,2023-01-01,Emas Perhiasan,845615.017793
1,2023-02-01,Beras,14946.901152
2,2023-02-01,Tepung Terigu,14086.830783
3,2023-02-01,Daging Ayam Ras,49276.696346
4,2023-02-01,Daging Sapi,160229.429961
5,2023-02-01,Ikan Kembung/Ikan Gembung/ Ikan Banyar/Ikan Gembolo/ Ikan Aso-Aso,59092.14901
6,2023-02-01,Susu Bubuk,50742.77627
7,2023-02-01,Susu Kental Manis,12625.522022
8,2023-02-01,Telur Ayam Ras,1868.369545
9,2023-02-01,Minyak Goreng,18625.29912
10,2023-02-01,Tomat,13165.366788
11,2023-02-01,Cabai Merah,49804.99694
12,2023-02-01,Cabai Rawit,48165.409144
13,2023-02-01,Bawang Merah,39957.100866
14,2023-02-01,Bawang Putih,32789.81526
15,2023-02-01,Tahu Mentah,11170.663899
16,2023-02-01,Tempe,9477.133159
17,2023-02-01,Gula Pasir,14429.234943
18,2023-02-01,Susu Bubuk Untuk Balita,59377.937746
19,2023-02-01,Susu Bubuk Untuk Bayi,71017.497848
20,2023-02-01,Bahan Bakar Rumah Tangga,24270.13351
21,2023-02-01,Emas Perhiasan,838887.385346
1,2023-03-01,Beras,14711.251229
2,2023-03-01,Tepung Terigu,14046.634565
3,2023-03-01,Daging Ayam Ras,49901.832855
4,2023-03-01,Daging Sapi,161002.542312
5,2023-03-01,Ikan Kembung/Ikan Gembung/ Ikan Banyar/Ikan Gembolo/ Ikan Aso-Aso,58214.742311
6,2023-03-01,Susu Bubuk,51355.980408
7,2023-03-01,Susu Kental Manis,12625.522022
8,2023-03-01,Telur Ayam Ras,1800.422621
9,2023-03-01,Minyak Goreng,18275.7304
10,2023-03-01,Tomat,12067.231993
11,2023-03-01,Cabai Merah,45458.650822
12,2023-03-01,Cabai Rawit,44450.869821
13,2023-03-01,Bawang Merah,34547.524509
14,2023-03-01,Bawang Putih,34985.981817
15,2023-03-01,Tahu Mentah,11170.663899
16,2023-03-01,Tempe,9477.133159
17,2023-03-01,Gula Pasir,14540.567003
18,2023-03-01,Susu Bubuk Untuk Balita,60166.756525
19,2023-03-01,Susu Bubuk Untuk Bayi,71301.583201
20,2023-03-01,Bahan Bakar Rumah Tangga,24270.13351
21,2023-03-01,Emas Perhiasan,849184.411569
1,2023-04-01,Beras,14675.833804
2,2023-04-01,Tepung Terigu,14166.887878
3,2023-04-01,Daging Ayam Ras,50032.543474
4,2023-04-01,Daging Sapi,161325.757398
5,2023-04-01,Ikan Kembung/Ikan Gembung/ Ikan Banyar/Ikan Gembolo/ Ikan Aso-Aso,59524.420017
6,2023-04-01,Susu Bubuk,52383.8573
7,2023-04-01,Susu Kental Manis,12656.225219
8,2023-04-01,Telur Ayam Ras,2036.671775
9,2023-04-01,Minyak Goreng,18374.160161
10,2023-04-01,Tomat,13003.071709
11,2023-04-01,Cabai Merah,31832.884454
12,2023-04-01,Cabai Rawit,37866.019576
13,2023-04-01,Bawang Merah,34076.696615
14,2023-04-01,Bawang Putih,35459.563446
15,2023-04-01,Tahu Mentah,11028.276304
16,2023-04-01,Tempe,9160.895528
17,2023-04-01,Gula Pasir,14521.300371
18,2023-04-01,Susu Bubuk Untuk Balita,60628.225955
19,2023-04-01,Susu Bubuk Untuk Bayi,70465.19703
20,2023-04-01,Bahan Bakar Rumah Tangga,24270.13351
21,2023-04-01,Emas Perhiasan,880527.160826
1,2023-05-01,Beras,14675.833804
2,2023-05-01,Tepung Terigu,14166.963094
3,2023-05-01,Daging Ayam Ras,52369.057635
4,2023-05-01,Daging Sapi,161325.757398
5,2023-05-01,Ikan Kembung/Ikan Gembung/ Ikan Banyar/Ikan Gembolo/ Ikan Aso-Aso,58715.220095
6,2023-05-01,Susu Bubuk,52522.17759
7,2023-05-01,Susu Kental Manis,12661.428543
8,2023-05-01,Telur Ayam Ras,2089.142333
9,2023-05-01,Minyak Goreng,18473.510356
10,2023-05-01,Tomat,12988.227186
11,2023-05-01,Cabai Merah,24066.101462
12,2023-05-01,Cabai Rawit,31764.710964
13,2023-05-01,Bawang Merah,26658.116233
14,2023-05-01,Bawang Putih,21644.367497
15,2023-05-01,Tahu Mentah,10736.742335
16,2023-05-01,Tempe,8855.210269
17,2023-05-01,Gula Pasir,14492.900015
18,2023-05-01,Susu Bubuk Untuk Balita,61869.565301
19,2023-05-01,Susu Bubuk Untuk Bayi,72377.040933
20,2023-05-01,Bahan Bakar Rumah Tangga,24270.13351
21,2023-05-01,Emas Perhiasan,876815.084348
1,2023-06-01,Beras,14470.719218
2,2023-06-01,Tepung Terigu,14136.527088
3,2023-06-01,Daging Ayam Ras,55497.710567
4,2023-06-01,Daging Sapi,165288.950998
5,2023-06-01,Ikan Kembung/Ikan Gembung/ Ikan Banyar/Ikan Gembolo/ Ikan Aso-Aso,58198.830014
6,2023-06-01,Susu Bubuk,52696.469527
7,2023-06-01,Susu Kental Manis,12751.799092
8,2023-06-01,Telur Ayam Ras,2077.972798
9,2023-06-01,Minyak Goreng,18412.663744
10,2023-06-01,Tomat,13483.136693
11,2023-06-01,Cabai Merah,28628.726102
12,2023-06-01,Cabai Rawit,35124.610572
13,2023-06-01,Bawang Merah,27249.768776
14,2023-06-01,Bawang Putih,23172.762519
15,2023-06-01,Tahu Mentah,10626.905771
16,2023-06-01,Tempe,8855.210269
17,2023-06-01,Gula Pasir,14645.110183
18,2023-06-01,Susu Bubuk Untuk Balita,61904.095616
19,2023-06-01,Susu Bubuk Untuk Bayi,72790.371771
20,2023-06-01,Bahan Bakar Rumah Tangga,24270.13351
21,2023-06-01,Emas Perhiasan,869599.103357
1,2023-07-01,Beras,14472.858312
2,2023-07-01,Tepung Terigu,14130.832878
3,2023-07-01,Daging Ayam Ras,56064.366887
4,2023-07-01,Daging Sapi,165785.838421
5,2023-07-01,Ikan Kembung/Ikan Gembung/ Ikan Banyar/Ikan Gembolo/ Ikan Aso-Aso,57432.747821
6,2023-07-01,Susu Bubuk,49316.406124
7,2023-07-01,Susu Kental Manis,12773.645138
8,2023-07-01,Telur Ayam Ras,2072.938509
9,2023-07-01,Minyak Goreng,18330.399249
10,2023-07-01,Tomat,14158.882837
11,2023-07-01,Cabai Merah,38660.989335
12,2023-07-01,Cabai Rawit,38612.958384
13,2023-07-01,Bawang Merah,27523.314633
14,2023-07-01,Bawang Putih,23623.90125
15,2023-07-01,Tahu Mentah,11212.757665
16,2023-07-01,Tempe,8855.210269
17,2023-07-01,Gula Pasir,14804.589352
18,2023-07-01,Susu Bubuk Untuk Balita,61858.131096
19,2023-07-01,Susu Bubuk Untuk Bayi,73331.312111
20,2023-07-01,Bahan Bakar Rumah Tangga,24267.311056
21,2023-07-01,Emas Perhiasan,862289.195365
1,2023-08-01,Beras,14479.132161
2,2023-08-01,Tepung Terigu,14109.872729
3,2023-08-01,Daging Ayam Ras,55370.549051
4,2023-08-01,Daging Sapi,165951.799281
5,2023-08-01,Ikan Kembung/Ikan Gembung/ Ikan Banyar/Ikan Gembolo/ Ikan Aso-Aso,57291.991349
6,2023-08-01,Susu Bubuk,50133.774775
7,2023-08-01,Susu Kental Manis,12779.323679
8,2023-08-01,Telur Ayam Ras,2075.615789
9,2023-08-01,Minyak Goreng,18232.307679
10,2023-08-01,Tomat,16795.094178
11,2023-08-01,Cabai Merah,43500.182831
12,2023-08-01,Cabai Rawit,42395.969987
13,2023-08-01,Bawang Merah,22188.284157
14,2023-08-01,Bawang Putih,24216.377484
15,2023-08-01,Tahu Mentah,12019.198408
16,2023-08-01,Tempe,8855.210269
17,2023-08-01,Gula Pasir,14958.342964
18,2023-08-01,Susu Bubuk Untuk Balita,61964.73392
19,2023-08-01,Susu Bubuk Untuk Bayi,73749.040075
20,2023-08-01,Bahan Bakar Rumah Tangga,24266.370311
21,2023-08-01,Emas Perhiasan,860102.625538
1,2023-09-01,Beras,15697.035348
2,2023-09-01,Tepung Terigu,14058.262709
3,2023-09-01,Daging Ayam Ras,55253.03484
4,2023-09-01,Daging Sapi,165951.799281
5,2023-09-01,Ikan Kembung/Ikan Gembung/ Ikan Banyar/Ikan Gembolo/ Ikan Aso-Aso,56732.406686
6,2023-09-01,Susu Bubuk,50291.903696
7,2023-09-01,Susu Kental Manis,12783.110775
8,2023-09-01,Telur Ayam Ras,2053.627425
9,2023-09-01,Minyak Goreng,18122.91142
10,2023-09-01,Tomat,17651.612557
11,2023-09-01,Cabai Merah,43799.166366
12,2023-09-01,Cabai Rawit,44050.393076
13,2023-09-01,Bawang Merah,18905.208349
14,2023-09-01,Bawang Putih,23918.254446
15,2023-09-01,Tahu Mentah,12019.198408
16,2023-09-01,Tempe,8855.210269
17,2023-09-01,Gula Pasir,15218.391904
18,2023-09-01,Susu Bubuk Untuk Balita,64388.076604
19,2023-09-01,Susu Bubuk Untuk Bayi,74108.716803
20,2023-09-01,Bahan Bakar Rumah Tangga,24266.370311
21,2023-09-01,Emas Perhiasan,864137.6113
1,2023-10-01,Beras,15550.812132
2,2023-10-01,Tepung Terigu,14076.394014
3,2023-10-01,Daging Ayam Ras,55133.638502
4,2023-10-01,Daging Sapi,165951.799281
5,2023-10-01,Ikan Kembung/Ikan Gembung/ Ikan Banyar/Ikan Gembolo/ Ikan Aso-Aso,56104.609667
6,2023-10-01,Susu Bubuk,50291.903696
7,2023-10-01,Susu Kental Manis,12784.743469
8,2023-10-01,Telur Ayam Ras,1986.186203
9,2023-10-01,Minyak Goreng,18070.584338
10,2023-10-01,Tomat,15736.498646
11,2023-10-01,Cabai Merah,42303.505052
12,2023-10-01,Cabai Rawit,47438.880922
13,2023-10-01,Bawang Merah,19749.971209
14,2023-10-01,Bawang Putih,22410.912138
15,2023-10-01,Tahu Mentah,12019.198408
16,2023-10-01,Tempe,8855.210269
17,2023-10-01,Gula Pasir,15733.416685
18,2023-10-01,Susu Bubuk Untuk Balita,64356.869318
19,2023-10-01,Susu Bubuk Untuk Bayi,74222.103416
20,2023-10-01,Bahan Bakar Rumah Tangga,24266.370311
21,2023-10-01,Emas Perhiasan,872364.848546
1,2023-11-01,Beras,15583.709362
2,2023-11-01,Tepung Terigu,13900.860199
3,2023-11-01,Daging Ayam Ras,55032.621514
4,2023-11-01,Daging Sapi,165951.799281
5,2023-11-01,Ikan Kembung/Ikan Gembung/ Ikan Banyar/Ikan Gembolo/ Ikan Aso-Aso,56872.804765
6,2023-11-01,Susu Bubuk,50134.251843
7,2023-11-01,Susu Kental Manis,12727.028393
8,2023-11-01,Telur Ayam Ras,1965.136593
9,2023-11-01,Minyak Goreng,18050.161864
10,2023-11-01,Tomat,14013.673759
11,2023-11-01,Cabai Merah,65281.838359
12,2023-11-01,Cabai Rawit,68417.715414
13,2023-11-01,Bawang Merah,23484.41015
14,2023-11-01,Bawang Putih,21949.015669
15,2023-11-01,Tahu Mentah,12019.198408
16,2023-11-01,Tempe,8855.210269
17,2023-11-01,Gula Pasir,16636.434496
18,2023-11-01,Susu Bubuk Untuk Balita,64206.177225
19,2023-11-01,Susu Bubuk Untuk Bayi,74165.810969
20,2023-11-01,Bahan Bakar Rumah Tangga,24262.758989
21,2023-11-01,Emas Perhiasan,897366.097717
1,2023-12-01,Beras,15644.199937
2,2023-12-01,Tepung Terigu,11813.974182
3,2023-12-01,Daging Ayam Ras,53700.978105
4,2023-12-01,Daging Sapi,162701.216085
5,2023-12-01,Ikan Kembung/Ikan Gembung/ Ikan Banyar/Ikan Gembolo/ Ikan Aso-Aso,39209.031761
6,2023-12-01,Susu Bubuk,97915.030977
7,2023-12-01,Susu Kental Manis,11773.089999
8,2023-12-01,Telur Ayam Ras,7396.559067
9,2023-12-01,Minyak Goreng,16407.05763
10,2023-12-01,Tomat,18000.0
11,2023-12-01,Cabai Merah,63288.907088
12,2023-12-01,Cabai Rawit,56537.102266
13,2023-12-01,Bawang Merah,34530.010446
14,2023-12-01,Bawang Putih,35392.965948
15,2023-12-01,Tahu Mentah,13903.047124
16,2023-12-01,Tempe,15217.577729
17,2023-12-01,Gula Pasir,17388.909665
18,2023-12-01,Susu Bubuk Untuk Balita,49949.925461
19,2023-12-01,Susu Bubuk Untuk Bayi,70266.045247
20,2023-12-01,Bahan Bakar Rumah Tangga,7150.187382
21,2023-12-01,Emas Perhiasan,841427.3143
1,2024-01-01,Beras,15719.462776
2,2024-01-01,Tepung Terigu,11176.038112
3,2024-01-01,Daging Ayam Ras,55825.041844
4,2024-01-01,Daging Sapi,162701.216085
5,2024-01-01,Ikan Kembung/Ikan Gembung/ Ikan Banyar/Ikan Gembolo/ Ikan Aso-Aso,38686.728405
6,2024-01-01,Susu Bubuk,97813.783186
7,2024-01-01,Susu Kental Manis,11863.413811
8,2024-01-01,Telur Ayam Ras,5964.21532
9,2024-01-01,Minyak Goreng,16473.809358
10,2024-01-01,Tomat,20640.84439
11,2024-01-01,Cabai Merah,45391.258401
12,2024-01-01,Cabai Rawit,46496.870182
13,2024-01-01,Bawang Merah,33187.358091
14,2024-01-01,Bawang Putih,36451.967944
15,2024-01-01,Tahu Mentah,13907.101645
16,2024-01-01,Tempe,15217.577729
17,2024-01-01,Gula Pasir,17336.692789
18,2024-01-01,Susu Bubuk Untuk Balita,50030.77924
19,2024-01-01,Susu Bubuk Untuk Bayi,69824.008856
20,2024-01-01,Bahan Bakar Rumah Tangga,7148.908554
21,2024-01-01,Emas Perhiasan,855263.298258
1,2024-02-01,Beras,15814.987274
2,2024-02-01,Tepung Terigu,11179.400996
3,2024-02-01,Daging Ayam Ras,55877.093058
4,2024-02-01,Daging Sapi,162701.216085
5,2024-02-01,Ikan Kembung/Ikan Gembung/ Ikan Banyar/Ikan Gembolo/ Ikan Aso-Aso,36354.215197
6,2024-02-01,Susu Bubuk,97335.928846
7,2024-02-01,Susu Kental Manis,11862.904685
8,2024-02-01,Telur Ayam Ras,27856.225831
9,2024-02-01,Minyak Goreng,16927.050132
10,2024-02-01,Tomat,19790.135185
11,2024-02-01,Cabai Merah,60508.14714
12,2024-02-01,Cabai Rawit,58613.054766
13,2024-02-01,Bawang Merah,30392.51621
14,2024-02-01,Bawang Putih,35873.03148
15,2024-02-01,Tahu Mentah,13911.157348
16,2024-02-01,Tempe,15217.577729
17,2024-02-01,Gula Pasir,17455.48652
18,2024-02-01,Susu Bubuk Untuk Balita,50205.044066
19,2024-02-01,Susu Bubuk Untuk Bayi,70076.374233
20,2024-02-01,Bahan Bakar Rumah Tangga,7148.908554
21,2024-02-01,Emas Perhiasan,852516.396919
1,2024-03-01,Beras,15868.468358
2,2024-03-01,Tepung Terigu,11701.912884
3,2024-03-01,Daging Ayam Ras,56379.326837
4,2024-03-01,Daging Sapi,162701.216085
5,2024-03-01,Ikan Kembung/Ikan Gembung/ Ikan Banyar/Ikan Gembolo/ Ikan Aso-Aso,36702.501842
6,2024-03-01,Susu Bubuk,97453.020533
7,2024-03-01,Susu Kental Manis,11866.997767
8,2024-03-01,Telur Ayam Ras,28561.199952
9,2024-03-01,Minyak Goreng,16982.409982
10,2024-03-01,Tomat,18422.45228
11,2024-03-01,Cabai Merah,71675.611232
12,2024-03-01,Cabai Rawit,69290.692651
13,2024-03-01,Bawang Merah,34966.217111
14,2024-03-01,Bawang Putih,37615.113857
15,2024-03-01,Tahu Mentah,13911.157348
16,2024-03-01,Tempe,15217.577729
17,2024-03-01,Gula Pasir,17471.627033
18,2024-03-01,Susu Bubuk Untuk Balita,49660.094666
19,2024-03-01,Susu Bubuk Untuk Bayi,76414.08181
20,2024-03-01,Bahan Bakar Rumah Tangga,7148.908554
21,2024-03-01,Emas Perhiasan,885594.791146
1,2024-04-01,Beras,15956.681399
2,2024-04-01,Tepung Terigu,11693.321096
3,2024-04-01,Daging Ayam Ras,55409.494064
4,2024-04-01,Daging Sapi,162701.216085
5,2024-04-01,Ikan Kembung/Ikan Gembung/ Ikan Banyar/Ikan Gembolo/ Ikan Aso-Aso,36320.809657
6,2024-04-01,Susu Bubuk,97611.355225
7,2024-04-01,Susu Kental Manis,11842.920539
8,2024-04-01,Telur Ayam Ras,28316.590577
9,2024-04-01,Minyak Goreng,17731.804179
10,2024-04-01,Tomat,17148.398775
11,2024-04-01,Cabai Merah,52143.203549
12,2024-04-01,Cabai Rawit,56474.440261
13,2024-04-01,Bawang Merah,42829.637276
14,2024-04-01,Bawang Putih,39231.495279
15,2024-04-01,Tahu Mentah,13911.157348
16,2024-04-01,Tempe,15217.577729
17,2024-04-01,Gula Pasir,17961.179025
18,2024-04-01,Susu Bubuk Untuk Balita,49531.2264
19,2024-04-01,Susu Bubuk Untuk Bayi,76413.80433
20,2024-04-01,Bahan Bakar Rumah Tangga,7148.908554
21,2024-04-01,Emas Perhiasan,965387.908131
1,2024-05-01,Beras,15958.710547
2,2024-05-01,Tepung Terigu,11697.763549
3,2024-05-01,Daging Ayam Ras,55421.400694
4,2024-05-01,Daging Sapi,162701.216085
5,2024-05-01,Ikan Kembung/Ikan Gembung/ Ikan Banyar/Ikan Gembolo/ Ikan Aso-Aso,37250.401057
6,2024-05-01,Susu Bubuk,97685.487566
7,2024-05-01,Susu Kental Manis,11838.665372
8,2024-05-01,Telur Ayam Ras,27817.200763
9,2024-05-01,Minyak Goreng,17792.485636
10,2024-05-01,Tomat,14804.88331
11,2024-05-01,Cabai Merah,62365.974042
12,2024-05-01,Cabai Rawit,47585.726735
13,2024-05-01,Bawang Merah,45829.936116
14,2024-05-01,Bawang Putih,38703.919904
15,2024-05-01,Tahu Mentah,13911.157348
16,2024-05-01,Tempe,15217.577729
17,2024-05-01,Gula Pasir,18207.892785
18,2024-05-01,Susu Bubuk Untuk Balita,49345.59507
19,2024-05-01,Susu Bubuk Untuk Bayi,76338.953894
20,2024-05-01,Bahan Bakar Rumah Tangga,7148.908554
21,2024-05-01,Emas Perhiasan,1018745.919207
1,2024-06-01,Beras,16062.948475
2,2024-06-01,Tepung Terigu,11768.426246
3,2024-06-01,Daging Ayam Ras,52839.208714
4,2024-06-01,Daging Sapi,162701.216085
5,2024-06-01,Ikan Kembung/Ikan Gembung/ Ikan Banyar/Ikan Gembolo/ Ikan Aso-Aso,37416.573868
6,2024-06-01,Susu Bubuk,100140.683989
7,2024-06-01,Susu Kental Manis,12226.713878
8,2024-06-01,Telur Ayam Ras,27732.3332
9,2024-06-01,Minyak Goreng,17726.20924
10,2024-06-01,Tomat,11237.364552
11,2024-06-01,Cabai Merah,66675.2969
12,2024-06-01,Cabai Rawit,51123.22228
13,2024-06-01,Bawang Merah,41328.232138
14,2024-06-01,Bawang Putih,38077.519479
15,2024-06-01,Tahu Mentah,13911.157348
16,2024-06-01,Tempe,15217.577729
17,2024-06-01,Gula Pasir,18036.534309
18,2024-06-01,Susu Bubuk Untuk Balita,49615.226882
19,2024-06-01,Susu Bubuk Untuk Bayi,76815.087739
20,2024-06-01,Bahan Bakar Rumah Tangga,7148.908554
21,2024-06-01,Emas Perhiasan,1016442.685771
1,2024-07-01,Beras,16057.424656
2,2024-07-01,Tepung Terigu,11783.467934
3,2024-07-01,Daging Ayam Ras,52436.439966
4,2024-07-01,Daging Sapi,162701.216085
5,2024-07-01,Ikan Kembung/Ikan Gembung/ Ikan Banyar/Ikan Gembolo/ Ikan Aso-Aso,36592.692619
6,2024-07-01,Susu Bubuk,100140.683989
7,2024-07-01,Susu Kental Manis,12195.841561
8,2024-07-01,Telur Ayam Ras,27935.792913
9,2024-07-01,Minyak Goreng,17515.423713
10,2024-07-01,Tomat,7719.227087
11,2024-07-01,Cabai Merah,48066.657873
12,2024-07-01,Cabai Rawit,65730.82227
13,2024-07-01,Bawang Merah,31262.176766
14,2024-07-01,Bawang Putih,37399.816609
15,2024-07-01,Tahu Mentah,13364.571308
16,2024-07-01,Tempe,15292.028284
17,2024-07-01,Gula Pasir,18042.947318
18,2024-07-01,Susu Bubuk Untuk Balita,49586.519338
19,2024-07-01,Susu Bubuk Untuk Bayi,73463.906814
20,2024-07-01,Bahan Bakar Rumah Tangga,7148.908554
21,2024-07-01,Emas Perhiasan,1033261.655447
1,2024-08-01,Beras,16086.865547
2,2024-08-01,Tepung Terigu,11750.447121
3,2024-08-01,Daging Ayam Ras,51710.052918
4,2024-08-01,Daging Sapi,162701.216085
5,2024-08-01,Ikan Kembung/Ikan Gembung/ Ikan Banyar/Ikan Gembolo/ Ikan Aso-Aso,37622.275093
6,2024-08-01,Susu Bubuk,100556.497492
7,2024-08-01,Susu Kental Manis,12187.914994
8,2024-08-01,Telur Ayam Ras,27565.121391
9,2024-08-01,Minyak Goreng,17456.18793
10,2024-08-01,Tomat,7604.514456
11,2024-08-01,Cabai Merah,45268.442969
12,2024-08-01,Cabai Rawit,65743.712836
13,2024-08-01,Bawang Merah,23757.011777
14,2024-08-01,Bawang Putih,36575.473366
15,2024-08-01,Tahu Mentah,13364.571308
16,2024-08-01,Tempe,15292.028284
17,2024-08-01,Gula Pasir,18274.692206
18,2024-08-01,Susu Bubuk Untuk Balita,49650.850895
19,2024-08-01,Susu Bubuk Untuk Bayi,73817.73899
20,2024-08-01,Bahan Bakar Rumah Tangga,10581.571624
21,2024-08-01,Emas Perhiasan,1085636.858653
1,2024-09-01,Beras,16208.25644
2,2024-09-01,Tepung Terigu,11772.58594
3,2024-09-01,Daging Ayam Ras,52076.464707
4,2024-09-01,Daging Sapi,162701.216085
5,2024-09-01,Ikan Kembung/Ikan Gembung/ Ikan Banyar/Ikan Gembolo/ Ikan Aso-Aso,35903.062703
6,2024-09-01,Susu Bubuk,101548.785647
7,2024-09-01,Susu Kental Manis,12206.170397
8,2024-09-01,Telur Ayam Ras,27460.199876
9,2024-09-01,Minyak Goreng,17589.247495
10,2024-09-01,Tomat,7383.210557
11,2024-09-01,Cabai Merah,33493.368765
12,2024-09-01,Cabai Rawit,60936.892688
13,2024-09-01,Bawang Merah,23198.145498
14,2024-09-01,Bawang Putih,37776.241569
15,2024-09-01,Tahu Mentah,13364.571308
16,2024-09-01,Tempe,15292.028284
17,2024-09-01,Gula Pasir,18132.27343
18,2024-09-01,Susu Bubuk Untuk Balita,49723.212097
19,2024-09-01,Susu Bubuk Untuk Bayi,74057.564755
20,2024-09-01,Bahan Bakar Rumah Tangga,10581.571624
21,2024-09-01,Emas Perhiasan,1090927.782897
1,2024-10-01,Beras,16169.209288
2,2024-10-01,Tepung Terigu,11789.136922
3,2024-10-01,Daging Ayam Ras,40620.290915
4,2024-10-01,Daging Sapi,162713.866134
5,2024-10-01,Ikan Kembung/Ikan Gembung/ Ikan Banyar/Ikan Gembolo/ Ikan Aso-Aso,37969.605037
6,2024-10-01,Susu Bubuk,100872.660059
7,2024-10-01,Susu Kental Manis,12207.544759
8,2024-10-01,Telur Ayam Ras,27427.26623
9,2024-10-01,Minyak Goreng,17478.382658
10,2024-10-01,Tomat,8756.259542
11,2024-10-01,Cabai Merah,34635.377499
12,2024-10-01,Cabai Rawit,42166.66785
13,2024-10-01,Bawang Merah,27337.105429
14,2024-10-01,Bawang Putih,38218.347253
15,2024-10-01,Tahu Mentah,13364.571308
16,2024-10-01,Tempe,15292.028284
17,2024-10-01,Gula Pasir,18176.342038
18,2024-10-01,Susu Bubuk Untuk Balita,48650.112614
19,2024-10-01,Susu Bubuk Untuk Bayi,74051.665999
20,2024-10-01,Bahan Bakar Rumah Tangga,8626.896409
21,2024-10-01,Emas Perhiasan,1206073.539371
1,2024-11-01,Beras,16169.209288
2,2024-11-01,Tepung Terigu,11829.543633
3,2024-11-01,Daging Ayam Ras,41270.808648
4,2024-11-01,Daging Sapi,162029.918234
5,2024-11-01,Ikan Kembung/Ikan Gembung/ Ikan Banyar/Ikan Gembolo/ Ikan Aso-Aso,37922.865137
6,2024-11-01,Susu Bubuk,100981.543993
7,2024-11-01,Susu Kental Manis,12219.035636
8,2024-11-01,Telur Ayam Ras,27289.677819
9,2024-11-01,Minyak Goreng,17900.992702
10,2024-11-01,Tomat,16406.802425
11,2024-11-01,Cabai Merah,32763.442933
12,2024-11-01,Cabai Rawit,35004.920577
13,2024-11-01,Bawang Merah,29463.136246
14,2024-11-01,Bawang Putih,38715.624163
15,2024-11-01,Tahu Mentah,13364.571308
16,2024-11-01,Tempe,15292.028284
17,2024-11-01,Gula Pasir,18164.546585
18,2024-11-01,Susu Bubuk Untuk Balita,48685.530197
19,2024-11-01,Susu Bubuk Untuk Bayi,73505.112119
20,2024-11-01,Bahan Bakar Rumah Tangga,8626.896409
21,2024-11-01,Emas Perhiasan,1239311.67995
1,2024-12-01,Beras,16092.19992
2,2024-12-01,Tepung Terigu,11717.047536
3,2024-12-01,Daging Ayam Ras,44650.416604
4,2024-12-01,Daging Sapi,161298.675372
5,2024-12-01,Ikan Kembung/Ikan Gembung/ Ikan Banyar/Ikan Gembolo/ Ikan Aso-Aso,39531.414378
6,2024-12-01,Susu Bubuk,101221.297587
7,2024-12-01,Susu Kental Manis,12441.085069
8,2024-12-01,Telur Ayam Ras,27619.62184
9,2024-12-01,Minyak Goreng,18226.316307
10,2024-12-01,Tomat,15281.243365
11,2024-12-01,Cabai Merah,34245.194217
12,2024-12-01,Cabai Rawit,41120.316123
13,2024-12-01,Bawang Merah,29570.287902
14,2024-12-01,Bawang Putih,39659.502216
15,2024-12-01,Tahu Mentah,13385.59794
16,2024-12-01,Tempe,15292.028284
17,2024-12-01,Gula Pasir,18161.853133
18,2024-12-01,Susu Bubuk Untuk Balita,48439.399655
19,2024-12-01,Susu Bubuk Untuk Bayi,73899.59226
20,2024-12-01,Bahan Bakar Rumah Tangga,8606.422765
21,2024-12-01,Emas Perhiasan,1232652.053618
1,2025-01-01,Beras,16249.582752
2,2025-01-01,Tepung Terigu,11548.637452
3,2025-01-01,Daging Ayam Ras,46021.106215
4,2025-01-01,Daging Sapi,161298.675372
5,2025-01-01,Ikan Kembung/Ikan Gembung/ Ikan Banyar/Ikan Gembolo/ Ikan Aso-Aso,40096.342194
6,2025-01-01,Susu Bubuk,101282.779464
7,2025-01-01,Susu Kental Manis,12670.377901
8,2025-01-01,Telur Ayam Ras,29928.585936
9,2025-01-01,Minyak Goreng,18417.27663
10,2025-01-01,Tomat,11944.849942
11,2025-01-01,Cabai Merah,56651.037917
12,2025-01-01,Cabai Rawit,63211.225822
13,2025-01-01,Bawang Merah,33410.357406
14,2025-01-01,Bawang Putih,40392.231907
15,2025-01-01,Tahu Mentah,13385.59794
16,2025-01-01,Tempe,15292.028284
17,2025-01-01,Gula Pasir,18352.41618
18,2025-01-01,Susu Bubuk Untuk Balita,48735.866066
19,2025-01-01,Susu Bubuk Untuk Bayi,74043.235331
20,2025-01-01,Bahan Bakar Rumah Tangga,8606.422765
21,2025-01-01,Emas Perhiasan,1258459.64832
1,2025-02-01,Beras,16380.738516
2,2025-02-01,Tepung Terigu,11525.705386
3,2025-02-01,Daging Ayam Ras,44488.240105
4,2025-02-01,Daging Sapi,161311.840608
5,2025-02-01,Ikan Kembung/Ikan Gembung/ Ikan Banyar/Ikan Gembolo/ Ikan Aso-Aso,40000.0
6,2025-02-01,Susu Bubuk,99721.47977
7,2025-02-01,Susu Kental Manis,12569.398662
8,2025-02-01,Telur Ayam Ras,29101.830477
9,2025-02-01,Minyak Goreng,18382.949985
10,2025-02-01,Tomat,11870.086366
11,2025-02-01,Cabai Merah,57433.725851
12,2025-02-01,Cabai Rawit,70777.704889
13,2025-02-01,Bawang Merah,30593.141342
14,2025-02-01,Bawang Putih,40000.0
15,2025-02-01,Tahu Mentah,13385.59794
16,2025-02-01,Tempe,15292.028284
17,2025-02-01,Gula Pasir,18396.155464
18,2025-02-01,Susu Bubuk Untuk Balita,48637.405733
19,2025-02-01,Susu Bubuk Untuk Bayi,74208.22216
20,2025-02-01,Bahan Bakar Rumah Tangga,8606.422765
21,2025-02-01,Emas Perhiasan,1350626.607665
1,2025-03-01,Beras,16404.638129
2,2025-03-01,Tepung Terigu,11458.822517
3,2025-03-01,Daging Ayam Ras,47699.833816
4,2025-03-01,Daging Sapi,161305.257856
5,2025-03-01,Ikan Kembung/Ikan Gembung/ Ikan Banyar/Ikan Gembolo/ Ikan Aso-Aso,43736.235575
6,2025-03-01,Susu Bubuk,99692.473028
7,2025-03-01,Susu Kental Manis,12569.951138
8,2025-03-01,Telur Ayam Ras,28701.131839
9,2025-03-01,Minyak Goreng,18479.733101
10,2025-03-01,Tomat,12146.140803
11,2025-03-01,Cabai Merah,47699.386331
12,2025-03-01,Cabai Rawit,56669.30887
13,2025-03-01,Bawang Merah,30248.046564
14,2025-03-01,Bawang Putih,41214.257075
15,2025-03-01,Tahu Mentah,13385.59794
16,2025-03-01,Tempe,15292.028284
17,2025-03-01,Gula Pasir,18539.051021
18,2025-03-01,Susu Bubuk Untuk Balita,48769.260679
19,2025-03-01,Susu Bubuk Untuk Bayi,74479.622737
20,2025-03-01,Bahan Bakar Rumah Tangga,8606.422765
21,2025-03-01,Emas Perhiasan,1402927.363343
1,2025-04-01,Beras,17129.178034
2,2025-04-01,Tepung Terigu,11448.823535
3,2025-04-01,Daging Ayam Ras,47421.238887
4,2025-04-01,Daging Sapi,162764.476165
5,2025-04-01,Ikan Kembung/Ikan Gembung/ Ikan Banyar/Ikan Gembolo/ Ikan Aso-Aso,46556.431474
6,2025-04-01,Susu Bubuk,99692.473028
7,2025-04-01,Susu Kental Manis,12571.992395
8,2025-04-01,Telur Ayam Ras,28660.127481
9,2025-04-01,Minyak Goreng,18435.223865
10,2025-04-01,Tomat,12704.611088
11,2025-04-01,Cabai Merah,61455.377106
12,2025-04-01,Cabai Rawit,48666.928044
13,2025-04-01,Bawang Merah,34963.226243
14,2025-04-01,Bawang Putih,42793.75004
15,2025-04-01,Tahu Mentah,13385.59794
16,2025-04-01,Tempe,15292.028284
17,2025-04-01,Gula Pasir,18564.799208
18,2025-04-01,Susu Bubuk Untuk Balita,48761.805406
19,2025-04-01,Susu Bubuk Untuk Bayi,74381.662137
20,2025-04-01,Bahan Bakar Rumah Tangga,8606.422765
21,2025-04-01,Emas Perhiasan,1581867.992453
1,2025-05-01,Beras,17116.878783
2,2025-05-01,Tepung Terigu,11537.548
3,2025-05-01,Daging Ayam Ras,47976.603615
4,2025-05-01,Daging Sapi,162764.476165
5,2025-05-01,Ikan Kembung/Ikan Gembung/ Ikan Banyar/Ikan Gembolo/ Ikan Aso-Aso,50000.0
6,2025-05-01,Susu Bubuk,99480.377143
7,2025-05-01,Susu Kental Manis,12433.265834
8,2025-05-01,Telur Ayam Ras,28256.15391
9,2025-05-01,Minyak Goreng,18409.924499
10,2025-05-01,Tomat,14141.715337
11,2025-05-01,Cabai Merah,39330.072603
12,2025-05-01,Cabai Rawit,35916.046782
13,2025-05-01,Bawang Merah,32493.180146
14,2025-05-01,Bawang Putih,38994.753165
15,2025-05-01,Tahu Mentah,13385.59794
16,2025-05-01,Tempe,15292.028284
17,2025-05-01,Gula Pasir,18676.242721
18,2025-05-01,Susu Bubuk Untuk Balita,48788.883086
19,2025-05-01,Susu Bubuk Untuk Bayi,74532.833025
20,2025-05-01,Bahan Bakar Rumah Tangga,8606.422765
21,2025-05-01,Emas Perhiasan,1582117.272489
1,2025-06-01,Beras,17127.123523
2,2025-06-01,Tepung Terigu,11500.20655
3,2025-06-01,Daging Ayam Ras,45806.168054
4,2025-06-01,Daging Sapi,162764.476165
5,2025-06-01,Ikan Kembung/Ikan Gembung/ Ikan Banyar/Ikan Gembolo/ Ikan Aso-Aso,47434.164903
6,2025-06-01,Susu Bubuk,99466.6945
7,2025-06-01,Susu Kental Manis,12383.40713
8,2025-06-01,Telur Ayam Ras,27264.321324
9,2025-06-01,Minyak Goreng,18364.829186
10,2025-06-01,Tomat,14555.791785
11,2025-06-01,Cabai Merah,30002.291848
12,2025-06-01,Cabai Rawit,35367.901969
13,2025-06-01,Bawang Merah,32184.08275
14,2025-06-01,Bawang Putih,35223.108966
15,2025-06-01,Tahu Mentah,13385.59794
16,2025-06-01,Tempe,15292.028284
17,2025-06-01,Gula Pasir,18651.770773
18,2025-06-01,Susu Bubuk Untuk Balita,48393.614733
19,2025-06-01,Susu Bubuk Untuk Bayi,74347.001064
20,2025-06-01,Bahan Bakar Rumah Tangga,8606.422765
21,2025-06-01,Emas Perhiasan,1604051.696457
1,2025-07-01,Beras,17161.005857
2,2025-07-01,Tepung Terigu,11662.599719
3,2025-07-01,Daging Ayam Ras,47814.06006
4,2025-07-01,Daging Sapi,161590.775668
5,2025-07-01,Ikan Kembung/Ikan Gembung/ Ikan Banyar/Ikan Gembolo/ Ikan Aso-Aso,47826.459711
6,2025-07-01,Susu Bubuk,99388.330237
7,2025-07-01,Susu Kental Manis,12538.304059
8,2025-07-01,Telur Ayam Ras,27563.902461
9,2025-07-01,Minyak Goreng,18448.962127
10,2025-07-01,Tomat,14648.052868
11,2025-07-01,Cabai Merah,31016.993674
12,2025-07-01,Cabai Rawit,38727.994605
13,2025-07-01,Bawang Merah,38357.83754
14,2025-07-01,Bawang Putih,33931.131847
15,2025-07-01,Tahu Mentah,13385.59794
16,2025-07-01,Tempe,15292.028284
17,2025-07-01,Gula Pasir,18169.323753
18,2025-07-01,Susu Bubuk Untuk Balita,48356.517263
19,2025-07-01,Susu Bubuk Untuk Bayi,74116.033266
20,2025-07-01,Bahan Bakar Rumah Tangga,8606.422765
21,2025-07-01,Emas Perhiasan,1601581.268327
1,2025-08-01,Beras,17211.981357
2,2025-08-01,Tepung Terigu,11645.811727
3,2025-08-01,Daging Ayam Ras,49856.156591
4,2025-08-01,Daging Sapi,161298.675372
5,2025-08-01,Ikan Kembung/Ikan Gembung/ Ikan Banyar/Ikan Gembolo/ Ikan Aso-Aso,48063.007773
6,2025-08-01,Susu Bubuk,99388.330237
7,2025-08-01,Susu Kental Manis,12630.441798
8,2025-08-01,Telur Ayam Ras,29593.10725
9,2025-08-01,Minyak Goreng,18470.008153
10,2025-08-01,Tomat,14364.604775
11,2025-08-01,Cabai Merah,39434.792355
12,2025-08-01,Cabai Rawit,43969.559486
13,2025-08-01,Bawang Merah,45714.684765
14,2025-08-01,Bawang Putih,34109.671962
15,2025-08-01,Tahu Mentah,13385.59794
16,2025-08-01,Tempe,15292.028284
17,2025-08-01,Gula Pasir,17775.530121
18,2025-08-01,Susu Bubuk Untuk Balita,48356.517263
19,2025-08-01,Susu Bubuk Untuk Bayi,74104.637856
20,2025-08-01,Bahan Bakar Rumah Tangga,8606.422765
21,2025-08-01,Emas Perhiasan,1619138.930618
1,2025-09-01,Beras,17263.483654
2,2025-09-01,Tepung Terigu,11598.749873
3,2025-09-01,Daging Ayam Ras,50169.591357
4,2025-09-01,Daging Sapi,161298.675372
5,2025-09-01,Ikan Kembung/Ikan Gembung/ Ikan Banyar/Ikan Gembolo/ Ikan Aso-Aso,50599.251207
6,2025-09-01,Susu Bubuk,99863.282731
7,2025-09-01,Susu Kental Manis,12634.747455
8,2025-09-01,Telur Ayam Ras,29455.734923
9,2025-09-01,Minyak Goreng,18455.406167
10,2025-09-01,Tomat,13708.348385
11,2025-09-01,Cabai Merah,78853.102627
12,2025-09-01,Cabai Rawit,47394.185038
13,2025-09-01,Bawang Merah,36973.362753
14,2025-09-01,Bawang Putih,33930.636896
15,2025-09-01,Tahu Mentah,13385.59794
16,2025-09-01,Tempe,15292.028284
17,2025-09-01,Gula Pasir,17756.19513
18,2025-09-01,Susu Bubuk Untuk Balita,48249.167172
19,2025-09-01,Susu Bubuk Untuk Bayi,74050.927226
20,2025-09-01,Bahan Bakar Rumah Tangga,8606.422765
21,2025-09-01,Emas Perhiasan,1711570.566347
1,2025-10-01,Beras,17152.304124
2,2025-10-01,Tepung Terigu,11605.542008
3,2025-10-01,Daging Ayam Ras,49589.699984
4,2025-10-01,Daging Sapi,161298.675372
5,2025-10-01,Ikan Kembung/Ikan Gembung/ Ikan Banyar/Ikan Gembolo/ Ikan Aso-Aso,50962.243825
6,2025-10-01,Susu Bubuk,99630.297273
7,2025-10-01,Susu Kental Manis,12640.235072
8,2025-10-01,Telur Ayam Ras,31083.462979
9,2025-10-01,Minyak Goreng,17928.423274
10,2025-10-01,Tomat,12867.59467
11,2025-10-01,Cabai Merah,87425.876779
12,2025-10-01,Cabai Rawit,42407.950059
13,2025-10-01,Bawang Merah,29057.266622
14,2025-10-01,Bawang Putih,33108.351507
15,2025-10-01,Tahu Mentah,13385.59794
16,2025-10-01,Tempe,15292.028284
17,2025-10-01,Gula Pasir,17739.702844
18,2025-10-01,Susu Bubuk Untuk Balita,46563.793177
19,2025-10-01,Susu Bubuk Untuk Bayi,74011.979994
20,2025-10-01,Bahan Bakar Rumah Tangga,7146.470515
21,2025-10-01,Emas Perhiasan,1970140.169114
1,2025-11-01,Beras,17137.009378
2,2025-11-01,Tepung Terigu,11606.139944
3,2025-11-01,Daging Ayam Ras,49569.710838
4,2025-11-01,Daging Sapi,161298.675372
5,2025-11-01,Ikan Kembung/Ikan Gembung/ Ikan Banyar/Ikan Gembolo/ Ikan Aso-Aso,50000.0
6,2025-11-01,Susu Bubuk,99629.843542
7,2025-11-01,Susu Kental Manis,12647.945858
8,2025-11-01,Telur Ayam Ras,31168.99721
9,2025-11-01,Minyak Goreng,17848.21265
10,2025-11-01,Tomat,10918.78591
11,2025-11-01,Cabai Merah,75083.015843
12,2025-11-01,Cabai Rawit,39986.705978
13,2025-11-01,Bawang Merah,30745.639208
14,2025-11-01,Bawang Putih,33108.351507
15,2025-11-01,Tahu Mentah,13385.59794
16,2025-11-01,Tempe,15292.028284
17,2025-11-01,Gula Pasir,17855.830844
18,2025-11-01,Susu Bubuk Untuk Balita,44427.081511
19,2025-11-01,Susu Bubuk Untuk Bayi,74181.931185
20,2025-11-01,Bahan Bakar Rumah Tangga,6902.038767
21,2025-11-01,Emas Perhiasan,1987474.938549
1,2025-12-01,Beras,17164.765585
2,2025-12-01,Tepung Terigu,11647.545876
3,2025-12-01,Daging Ayam Ras,58355.339113
4,2025-12-01,Daging Sapi,161883.404936
5,2025-12-01,Ikan Kembung/Ikan Gembung/ Ikan Banyar/Ikan Gembolo/ Ikan Aso-Aso,51943.005913
6,2025-12-01,Susu Bubuk,97349.726077
7,2025-12-01,Susu Kental Manis,11913.309466
8,2025-12-01,Telur Ayam Ras,32635.706404
9,2025-12-01,Minyak Goreng,17989.904249
10,2025-12-01,Tomat,10204.948416
11,2025-12-01,Cabai Merah,73837.457798
12,2025-12-01,Cabai Rawit,111657.512597
13,2025-12-01,Bawang Merah,41168.224898
14,2025-12-01,Bawang Putih,33344.912691
15,2025-12-01,Tahu Mentah,13439.438702
16,2025-12-01,Tempe,15037.59913
17,2025-12-01,Gula Pasir,17714.910032
18,2025-12-01,Susu Bubuk Untuk Balita,50561.195778
19,2025-12-01,Susu Bubuk Untuk Bayi,74017.417534
20,2025-12-01,Bahan Bakar Rumah Tangga,6902.038767
21,2025-12-01,Emas Perhiasan,2103513.396291
1,2026-01-01,Beras,17265.650916
2,2026-01-01,Tepung Terigu,11606.139944
3,2026-01-01,Daging Ayam Ras,57373.774169
4,2026-01-01,Daging Sapi,162764.476165
5,2026-01-01,Ikan Kembung/Ikan Gembung/ Ikan Banyar/Ikan Gembolo/ Ikan Aso-Aso,50599.251207
6,2026-01-01,Susu Bubuk,97950.943147
7,2026-01-01,Susu Kental Manis,12188.378471
8,2026-01-01,Telur Ayam Ras,32402.776495
9,2026-01-01,Minyak Goreng,17954.746874
10,2026-01-01,Tomat,12219.841473
11,2026-01-01,Cabai Merah,46037.223579
12,2026-01-01,Cabai Rawit,100015.0177
13,2026-01-01,Bawang Merah,38122.320635
14,2026-01-01,Bawang Putih,34821.583286
15,2026-01-01,Tahu Mentah,13475.452803
16,2026-01-01,Tempe,14992.914338
17,2026-01-01,Gula Pasir,17696.055627
18,2026-01-01,Susu Bubuk Untuk Balita,50587.535425
19,2026-01-01,Susu Bubuk Untuk Bayi,77308.214205
20,2026-01-01,Bahan Bakar Rumah Tangga,6902.038767
21,2026-01-01,Emas Perhiasan,2209469.829052
1,2026-02-01,Beras,17220.151935
2,2026-02-01,Tepung Terigu,11425.615795
3,2026-02-01,Daging Ayam Ras,57828.06551
4,2026-02-01,Daging Sapi,165581.943831
5,2026-02-01,Ikan Kembung/Ikan Gembung/ Ikan Banyar/Ikan Gembolo/ Ikan Aso-Aso,51409.439727
6,2026-02-01,Susu Bubuk,97604.736529
7,2026-02-01,Susu Kental Manis,12189.648242
8,2026-02-01,Telur Ayam Ras,31649.739544
9,2026-02-01,Minyak Goreng,18048.915372
10,2026-02-01,Tomat,15345.046349
11,2026-02-01,Cabai Merah,51126.09617
12,2026-02-01,Cabai Rawit,84890.923317
13,2026-02-01,Bawang Merah,34869.452188
14,2026-02-01,Bawang Putih,34645.661918
15,2026-02-01,Tahu Mentah,14045.559434
16,2026-02-01,Tempe,14992.914338
17,2026-02-01,Gula Pasir,17939.729092
18,2026-02-01,Susu Bubuk Untuk Balita,50634.611541
19,2026-02-01,Susu Bubuk Untuk Bayi,77318.889333
20,2026-02-01,Bahan Bakar Rumah Tangga,6902.038767
21,2026-02-01,Emas Perhiasan,2389871.758537
1,2026-03-01,Beras,17267.118347
2,2026-03-01,Tepung Terigu,11437.946683
3,2026-03-01,Daging Ayam Ras,59611.304391
4,2026-03-01,Daging Sapi,168447.226471
5,2026-03-01,Ikan Kembung/Ikan Gembung/ Ikan Banyar/Ikan Gembolo/ Ikan Aso-Aso,51409.439727
6,2026-03-01,Susu Bubuk,97271.149958
7,2026-03-01,Susu Kental Manis,12202.875623
8,2026-03-01,Telur Ayam Ras,31199.785887
9,2026-03-01,Minyak Goreng,18137.652252
10,2026-03-01,Tomat,12455.283962
11,2026-03-01,Cabai Merah,42700.565888
12,2026-03-01,Cabai Rawit,78315.730677
13,2026-03-01,Bawang Merah,31447.932142
14,2026-03-01,Bawang Putih,34347.562457
15,2026-03-01,Tahu Mentah,14101.950411
16,2026-03-01,Tempe,14992.914338
17,2026-03-01,Gula Pasir,18502.762877
18,2026-03-01,Susu Bubuk Untuk Balita,50710.03616
19,2026-03-01,Susu Bubuk Untuk Bayi,76948.819761
20,2026-03-01,Bahan Bakar Rumah Tangga,7086.084473
21,2026-03-01,Emas Perhiasan,2323291.081218
1,2026-04-01,Beras,
2,2026-04-01,Tepung Terigu,
3,2026-04-01,Daging Ayam Ras,
4,2026-04-01,Daging Sapi,
5,2026-04-01,Ikan Kembung/Ikan Gembung/ Ikan Banyar/Ikan Gembolo/ Ikan Aso-Aso,
6,2026-04-01,Susu Bubuk,
7,2026-04-01,Susu Kental Manis,
8,2026-04-01,Telur Ayam Ras,
9,2026-04-01,Minyak Goreng,
10,2026-04-01,Tomat,
11,2026-04-01,Cabai Merah,
12,2026-04-01,Cabai Rawit,
13,2026-04-01,Bawang Merah,
14,2026-04-01,Bawang Putih,
15,2026-04-01,Tahu Mentah,
16,2026-04-01,Tempe,
17,2026-04-01,Gula Pasir,
18,2026-04-01,Susu Bubuk Untuk Balita,
19,2026-04-01,Susu Bubuk Untuk Bayi,
20,2026-04-01,Bahan Bakar Rumah Tangga,
21,2026-04-01,Emas Perhiasan,
1,2026-05-01,Beras,
2,2026-05-01,Tepung Terigu,
3,2026-05-01,Daging Ayam Ras,
4,2026-05-01,Daging Sapi,
5,2026-05-01,Ikan Kembung/Ikan Gembung/ Ikan Banyar/Ikan Gembolo/ Ikan Aso-Aso,
6,2026-05-01,Susu Bubuk,
7,2026-05-01,Susu Kental Manis,
8,2026-05-01,Telur Ayam Ras,
9,2026-05-01,Minyak Goreng,
10,2026-05-01,Tomat,
11,2026-05-01,Cabai Merah,
12,2026-05-01,Cabai Rawit,
13,2026-05-01,Bawang Merah,
14,2026-05-01,Bawang Putih,
15,2026-05-01,Tahu Mentah,
16,2026-05-01,Tempe,
17,2026-05-01,Gula Pasir,
18,2026-05-01,Susu Bubuk Untuk Balita,
19,2026-05-01,Susu Bubuk Untuk Bayi,
20,2026-05-01,Bahan Bakar Rumah Tangga,
21,2026-05-01,Emas Perhiasan,
1,2026-06-01,Beras,
2,2026-06-01,Tepung Terigu,
3,2026-06-01,Daging Ayam Ras,
4,2026-06-01,Daging Sapi,
5,2026-06-01,Ikan Kembung/Ikan Gembung/ Ikan Banyar/Ikan Gembolo/ Ikan Aso-Aso,
6,2026-06-01,Susu Bubuk,
7,2026-06-01,Susu Kental Manis,
8,2026-06-01,Telur Ayam Ras,
9,2026-06-01,Minyak Goreng,
10,2026-06-01,Tomat,
11,2026-06-01,Cabai Merah,
12,2026-06-01,Cabai Rawit,
13,2026-06-01,Bawang Merah,
14,2026-06-01,Bawang Putih,
15,2026-06-01,Tahu Mentah,
16,2026-06-01,Tempe,
17,2026-06-01,Gula Pasir,
18,2026-06-01,Susu Bubuk Untuk Balita,
19,2026-06-01,Susu Bubuk Untuk Bayi,
20,2026-06-01,Bahan Bakar Rumah Tangga,
21,2026-06-01,Emas Perhiasan,
1,2026-07-01,Beras,
2,2026-07-01,Tepung Terigu,
3,2026-07-01,Daging Ayam Ras,
4,2026-07-01,Daging Sapi,
5,2026-07-01,Ikan Kembung/Ikan Gembung/ Ikan Banyar/Ikan Gembolo/ Ikan Aso-Aso,
6,2026-07-01,Susu Bubuk,
7,2026-07-01,Susu Kental Manis,
8,2026-07-01,Telur Ayam Ras,
9,2026-07-01,Minyak Goreng,
10,2026-07-01,Tomat,
11,2026-07-01,Cabai Merah,
12,2026-07-01,Cabai Rawit,
13,2026-07-01,Bawang Merah,
14,2026-07-01,Bawang Putih,
15,2026-07-01,Tahu Mentah,
16,2026-07-01,Tempe,
17,2026-07-01,Gula Pasir,
18,2026-07-01,Susu Bubuk Untuk Balita,
19,2026-07-01,Susu Bubuk Untuk Bayi,
20,2026-07-01,Bahan Bakar Rumah Tangga,
21,2026-07-01,Emas Perhiasan,
1,2026-08-01,Beras,
2,2026-08-01,Tepung Terigu,
3,2026-08-01,Daging Ayam Ras,
4,2026-08-01,Daging Sapi,
5,2026-08-01,Ikan Kembung/Ikan Gembung/ Ikan Banyar/Ikan Gembolo/ Ikan Aso-Aso,
6,2026-08-01,Susu Bubuk,
7,2026-08-01,Susu Kental Manis,
8,2026-08-01,Telur Ayam Ras,
9,2026-08-01,Minyak Goreng,
10,2026-08-01,Tomat,
11,2026-08-01,Cabai Merah,
12,2026-08-01,Cabai Rawit,
13,2026-08-01,Bawang Merah,
14,2026-08-01,Bawang Putih,
15,2026-08-01,Tahu Mentah,
16,2026-08-01,Tempe,
17,2026-08-01,Gula Pasir,
18,2026-08-01,Susu Bubuk Untuk Balita,
19,2026-08-01,Susu Bubuk Untuk Bayi,
20,2026-08-01,Bahan Bakar Rumah Tangga,
21,2026-08-01,Emas Perhiasan,
1,2026-09-01,Beras,
2,2026-09-01,Tepung Terigu,
3,2026-09-01,Daging Ayam Ras,
4,2026-09-01,Daging Sapi,
5,2026-09-01,Ikan Kembung/Ikan Gembung/ Ikan Banyar/Ikan Gembolo/ Ikan Aso-Aso,
6,2026-09-01,Susu Bubuk,
7,2026-09-01,Susu Kental Manis,
8,2026-09-01,Telur Ayam Ras,
9,2026-09-01,Minyak Goreng,
10,2026-09-01,Tomat,
11,2026-09-01,Cabai Merah,
12,2026-09-01,Cabai Rawit,
13,2026-09-01,Bawang Merah,
14,2026-09-01,Bawang Putih,
15,2026-09-01,Tahu Mentah,
16,2026-09-01,Tempe,
17,2026-09-01,Gula Pasir,
18,2026-09-01,Susu Bubuk Untuk Balita,
19,2026-09-01,Susu Bubuk Untuk Bayi,
20,2026-09-01,Bahan Bakar Rumah Tangga,
21,2026-09-01,Emas Perhiasan,
1,2026-10-01,Beras,
2,2026-10-01,Tepung Terigu,
3,2026-10-01,Daging Ayam Ras,
4,2026-10-01,Daging Sapi,
5,2026-10-01,Ikan Kembung/Ikan Gembung/ Ikan Banyar/Ikan Gembolo/ Ikan Aso-Aso,
6,2026-10-01,Susu Bubuk,
7,2026-10-01,Susu Kental Manis,
8,2026-10-01,Telur Ayam Ras,
9,2026-10-01,Minyak Goreng,
10,2026-10-01,Tomat,
11,2026-10-01,Cabai Merah,
12,2026-10-01,Cabai Rawit,
13,2026-10-01,Bawang Merah,
14,2026-10-01,Bawang Putih,
15,2026-10-01,Tahu Mentah,
16,2026-10-01,Tempe,
17,2026-10-01,Gula Pasir,
18,2026-10-01,Susu Bubuk Untuk Balita,
19,2026-10-01,Susu Bubuk Untuk Bayi,
20,2026-10-01,Bahan Bakar Rumah Tangga,
21,2026-10-01,Emas Perhiasan,
1,2026-11-01,Beras,
2,2026-11-01,Tepung Terigu,
3,2026-11-01,Daging Ayam Ras,
4,2026-11-01,Daging Sapi,
5,2026-11-01,Ikan Kembung/Ikan Gembung/ Ikan Banyar/Ikan Gembolo/ Ikan Aso-Aso,
6,2026-11-01,Susu Bubuk,
7,2026-11-01,Susu Kental Manis,
8,2026-11-01,Telur Ayam Ras,
9,2026-11-01,Minyak Goreng,
10,2026-11-01,Tomat,
11,2026-11-01,Cabai Merah,
12,2026-11-01,Cabai Rawit,
13,2026-11-01,Bawang Merah,
14,2026-11-01,Bawang Putih,
15,2026-11-01,Tahu Mentah,
16,2026-11-01,Tempe,
17,2026-11-01,Gula Pasir,
18,2026-11-01,Susu Bubuk Untuk Balita,
19,2026-11-01,Susu Bubuk Untuk Bayi,
20,2026-11-01,Bahan Bakar Rumah Tangga,
21,2026-11-01,Emas Perhiasan,
1,2026-12-01,Beras,
2,2026-12-01,Tepung Terigu,
3,2026-12-01,Daging Ayam Ras,
4,2026-12-01,Daging Sapi,
5,2026-12-01,Ikan Kembung/Ikan Gembung/ Ikan Banyar/Ikan Gembolo/ Ikan Aso-Aso,
6,2026-12-01,Susu Bubuk,
7,2026-12-01,Susu Kental Manis,
8,2026-12-01,Telur Ayam Ras,
9,2026-12-01,Minyak Goreng,
10,2026-12-01,Tomat,
11,2026-12-01,Cabai Merah,
12,2026-12-01,Cabai Rawit,
13,2026-12-01,Bawang Merah,
14,2026-12-01,Bawang Putih,
15,2026-12-01,Tahu Mentah,
16,2026-12-01,Tempe,
17,2026-12-01,Gula Pasir,
18,2026-12-01,Susu Bubuk Untuk Balita,
19,2026-12-01,Susu Bubuk Untuk Bayi,
20,2026-12-01,Bahan Bakar Rumah Tangga,
21,2026-12-01,Emas Perhiasan,
